brand,external_id,name,list_price,sale_price,discount_rate,is_deal,deal_signals,is_soldout,summary,product_url,image_url
라라스윗,252,[골라담기] 라라스윗 얼리 썸머 이벤트,,26900,,Y,category,N,"칼로리는 가볍게, 성분은 착하게. 건강한 달콤함, 라라스윗 아이스크림",https://lalasweet.kr/product/detail.html?product_no=252,https://lalasweet.kr/web/product/big/202607/85dc556499b333946adab45e649450fc.jpg
라라스윗,250,[무제한 990딜] 제과 베스트,,34000,,Y,category|title_tag,N,"칼로리는 가볍게, 성분은 착하게. 건강한 달콤함, 라라스윗 아이스크림",https://lalasweet.kr/product/detail.html?product_no=250,https://lalasweet.kr/web/product/big/202607/d69243e4204702df06cea323e51b8962.jpg
라라스윗,245,[논스톱 990딜] 파인트 & 제로바,,35700,,Y,category|title_tag,N,"칼로리는 가볍게, 성분은 착하게. 건강한 달콤함, 라라스윗 아이스크림",https://lalasweet.kr/product/detail.html?product_no=245,https://lalasweet.kr/web/product/big/202607/357b75643c921993bd5204f0690502bb.jpg
라라스윗,238,[앵콜 특가] 라라스윗 단백질 쉐이크,,23800,,Y,category|title_tag,N,"칼로리는 가볍게, 성분은 착하게. 건강한 달콤함, 라라스윗 아이스크림",https://lalasweet.kr/product/detail.html?product_no=238,https://lalasweet.kr/web/product/big/202607/ebb0a49c923d6182a0d92db720b0b59f.jpg
라라스윗,236,블랙트러플 하몽 시리즈,,15000,,N,,N,"칼로리는 가볍게, 성분은 착하게. 건강한 달콤함, 라라스윗 아이스크림",https://lalasweet.kr/product/detail.html?product_no=236,https://lalasweet.kr/web/product/big/202607/0f4eaa9f061fdf1556141f1c8fcd411a.jpg
라라스윗,239,라라스윗 저당 팝콘,,13900,,N,,N,"칼로리는 가볍게, 성분은 착하게. 건강한 달콤함, 라라스윗 아이스크림",https://lalasweet.kr/product/detail.html?product_no=239,https://lalasweet.kr/web/product/big/202608/4c8bd1cece62efaa3f71268f4c42df08.jpg
라라스윗,241,라라스윗 파인트,,23800,,N,,N,"칼로리는 가볍게, 성분은 착하게. 건강한 달콤함, 라라스윗 아이스크림",https://lalasweet.kr/product/detail.html?product_no=241,https://lalasweet.kr/web/product/big/202607/8b992265ffd0ab2142de2c3c08599a99.jpg
라라스윗,243,라라스윗 쫀득바,,28900,,N,,N,"칼로리는 가볍게, 성분은 착하게. 건강한 달콤함, 라라스윗 아이스크림",https://lalasweet.kr/product/detail.html?product_no=243,https://lalasweet.kr/web/product/big/202607/e5b7d2a6ecebf622779e3a379fd46152.jpg
라라스윗,244,라라스윗 저당 듬뿍바,,28900,,N,,N,"칼로리는 가볍게, 성분은 착하게. 건강한 달콤함, 라라스윗 아이스크림",https://lalasweet.kr/product/detail.html?product_no=244,https://lalasweet.kr/web/product/big/202607/c09dd599564ef4aa1525ec806e154427.jpg
라라스윗,256,라라스윗 셔벗 파인트,,23800,,N,,N,"칼로리는 가볍게, 성분은 착하게. 건강한 달콤함, 라라스윗 아이스크림",https://lalasweet.kr/product/detail.html?product_no=256,https://lalasweet.kr/web/product/big/202607/3caa9ccd8ab362412dd0021561f0a20d.jpg
라라스윗,246,라라스윗 저당 생요거트바,,27900,,N,,N,"칼로리는 가볍게, 성분은 착하게. 건강한 달콤함, 라라스윗 아이스크림",https://lalasweet.kr/product/detail.html?product_no=246,https://lalasweet.kr/web/product/big/202607/2bb75b989e367e5122f8b8ccd2ac3ba3.jpg
라라스윗,247,라라스윗 제로바,,27900,,N,,N,"칼로리는 가볍게, 성분은 착하게. 건강한 달콤함, 라라스윗 아이스크림",https://lalasweet.kr/product/detail.html?product_no=247,https://lalasweet.kr/web/product/big/202607/ef944ba37d196bf187a71b3918b6a9f6.jpg
라라스윗,249,라라스윗 저당 초코바,,20900,,N,,N,"칼로리는 가볍게, 성분은 착하게. 건강한 달콤함, 라라스윗 아이스크림",https://lalasweet.kr/product/detail.html?product_no=249,https://lalasweet.kr/web/product/big/202607/eb6d45c361e9733164e4a6387e4c511c.jpg
라라스윗,251,라라스윗 저당 모나카,,20900,,N,,N,"칼로리는 가볍게, 성분은 착하게. 건강한 달콤함, 라라스윗 아이스크림",https://lalasweet.kr/product/detail.html?product_no=251,https://lalasweet.kr/web/product/big/202607/2eb6534c462e81dd52e275e2ccda745e.jpg
라라스윗,175,라라스윗 저당 웨하스바,,14400,,N,,N,"칼로리는 가볍게, 성분은 착하게. 건강한 달콤함, 라라스윗 아이스크림",https://lalasweet.kr/product/detail.html?product_no=175,https://lalasweet.kr/web/product/big/202607/e577c2825f474069edab1fafbd987f00.jpg
라라스윗,240,라라스윗 저당 웨하스,,12900,,N,,N,"칼로리는 가볍게, 성분은 착하게. 건강한 달콤함, 라라스윗 아이스크림",https://lalasweet.kr/product/detail.html?product_no=240,https://lalasweet.kr/web/product/big/202607/7fb65d460a28f81252f46193759f5ce1.jpg
라라스윗,242,라라스윗 저당 콘스낵,,11900,,N,,N,"칼로리는 가볍게, 성분은 착하게. 건강한 달콤함, 라라스윗 아이스크림",https://lalasweet.kr/product/detail.html?product_no=242,https://lalasweet.kr/web/product/big/202607/69d03e379f4b36a12eade5a7c3bea678.jpg
눅담,2389,"단짠 최강 조합! 황치즈 에디션(마카롱,휘낭시에,쿠키) 1BOX🧀",22900,15000,34,Y,category|price_diff,N,"[8월 7일부터 순차 출고] 꾸덕함에 짭조름함을 더하다, 오직 황치즈만 모은 널담 라인업🧀",https://nuldam.com/product/detail.html?product_no=2389,https://cafe24.poxo.com/ec01/joinandjoin3/YepDBcpQi6F1EGuL9rzRwSOX6iBaegInadJOBqJjBl8mIPOKixffqoe/SEB3Y+EmfOLxV9OtXy9ki4TqHva87Q==/_/web/product/medium/202607/4226ec863fd038a9e64737467a6302df.png
눅담,2421,고단백 저당 천연 깜빠뉴 1개 (500g),22900,11900,48,Y,category|price_diff,N,이벤트 :: 올리브발사믹 비네그레트 1개 증정,https://nuldam.com/product/detail.html?product_no=2421,https://cafe24.poxo.com/ec01/joinandjoin3/YepDBcpQi6F1EGuL9rzRwSOX6iBaegInadJOBqJjBl8mIPOKixffqoe/SEB3Y+EmfOLxV9OtXy9ki4TqHva87Q==/_/web/product/medium/202608/a4abd055037bcda9a38c75ba8d70c201.png
눅담,2240,"고단백 저당 쫀득빵 7개 (3가지맛, 개당 85g)",27900,15900,43,Y,category|price_diff,N,📢 자사몰 단독 플레이버: 군옥수수맛 🌽,https://nuldam.com/product/detail.html?product_no=2240,https://cafe24.poxo.com/ec01/joinandjoin3/YepDBcpQi6F1EGuL9rzRwSOX6iBaegInadJOBqJjBl8mIPOKixffqoe/SEB3Y+EmfOLxV9OtXy9ki4TqHva87Q==/_/web/product/medium/202606/1b920b994655df2826416175090afd1f.png
눅담,617,"쫀득 뚱카롱 4구 2박스 (4종 택2, 개당 50g)",19600,11900,39,Y,category|price_diff,N,[락토오보] 🍎식이섬유 가득한 4.5cm 뚱카롱,https://nuldam.com/product/detail.html?product_no=617,https://cafe24.poxo.com/ec01/joinandjoin3/YepDBcpQi6F1EGuL9rzRwSOX6iBaegInadJOBqJjBl8mIPOKixffqoe/SEB3Y+EmfOLxV9OtXy9ki4TqHva87Q==/_/web/product/medium/202605/efcd63d5723790edc02d13d9d652fb0a.png
눅담,25,"식이섬유 4.5cm 뚱카롱 8구 1박스 (16가지맛, 개당 50g)",19600,13000,34,Y,category|price_diff,N,한정 수량 :: 꽃카롱으로 마음을 표현해요 💐,https://nuldam.com/product/detail.html?product_no=25,https://cafe24.poxo.com/ec01/joinandjoin3/YepDBcpQi6F1EGuL9rzRwSOX6iBaegInadJOBqJjBl8mIPOKixffqoe/SEB3Y+EmfOLxV9OtXy9ki4TqHva87Q==/_/web/product/medium/202605/1b8704a41e9db80a63e9e55dbefe6405.png
눅담,77,"식이섬유 4.5cm 뚱카롱 8구 2박스 (16가지맛, 개당 50g)",38900,22900,41,Y,category|price_diff,N,[락토오보] 🍎식이섬유 가득한 4.5cm 뚱카롱,https://nuldam.com/product/detail.html?product_no=77,https://cafe24.poxo.com/ec01/joinandjoin3/YepDBcpQi6F1EGuL9rzRwSOX6iBaegInadJOBqJjBl8mIPOKixffqoe/SEB3Y+EmfOLxV9OtXy9ki4TqHva87Q==/_/web/product/medium/202607/ed3eaf469b48c6a0b1305b09c5668201.png
눅담,110,"식이섬유 4cm 휘낭시에 8개 2박스 (8가지맛, 개당 50g)",38900,23900,39,Y,category|price_diff,N,[락토오보] 4cm 높이의 크림 가득 수제 디저트,https://nuldam.com/product/detail.html?product_no=110,https://cafe24.poxo.com/ec01/joinandjoin3/YepDBcpQi6F1EGuL9rzRwSOX6iBaegInadJOBqJjBl8mIPOKixffqoe/SEB3Y+EmfOLxV9OtXy9ki4TqHva87Q==/_/web/product/medium/202603/4af33cd73a4891ee61a16b5cc4c0379c.png
눅담,2134,[선착순 특가] 고단백 저당 베이글 2봉 + 바게트 2봉,14900,8800,41,Y,category|title_tag|price_diff,N,매일 200명! 선착순 특가,https://nuldam.com/product/detail.html?product_no=2134,https://cafe24.poxo.com/ec01/joinandjoin3/YepDBcpQi6F1EGuL9rzRwSOX6iBaegInadJOBqJjBl8mIPOKixffqoe/SEB3Y+EmfOLxV9OtXy9ki4TqHva87Q==/_/web/product/medium/202604/b9bbdd4c4d523c1636344e59dbba54ab.png
눅담,564,"고단백 저당 네모 바게트 8/12개 (5가지맛 택2/3, 개당 90g)",26900,15900,41,Y,category|price_diff,N,"고단백 18g, 저당 2.2g! 건강을 생각한 새로운 바게트",https://nuldam.com/product/detail.html?product_no=564,https://cafe24.poxo.com/ec01/joinandjoin3/YepDBcpQi6F1EGuL9rzRwSOX6iBaegInadJOBqJjBl8mIPOKixffqoe/SEB3Y+EmfOLxV9OtXy9ki4TqHva87Q==/_/web/product/medium/202607/83de286b806ad7ae1ff63265c65ed670.png
눅담,2025,"뚱카롱 8구 1박스 + 뚱낭시에 8개입 1박스 (16가지맛, 개당 50g)",38900,22900,41,Y,category|price_diff,N,"[널담 베스트셀러 맛보기 세트] 뚱카롱 사면, 뚱낭시에 1박스가 더!",https://nuldam.com/product/detail.html?product_no=2025,https://cafe24.poxo.com/ec01/joinandjoin3/YepDBcpQi6F1EGuL9rzRwSOX6iBaegInadJOBqJjBl8mIPOKixffqoe/SEB3Y+EmfOLxV9OtXy9ki4TqHva87Q==/_/web/product/medium/202604/c334be7a19f6170c56fffd3de92aab57.png
눅담,1248,"🍕피자 대신 고단백 저당 포카치아 8개 (2가지맛 택2, 개당 90g)",28900,15900,45,Y,category|price_diff,N,속세의 감칠맛과 쫄깃함을 느낄 수 있는 고단백빵,https://nuldam.com/product/detail.html?product_no=1248,https://cafe24.poxo.com/ec01/joinandjoin3/YepDBcpQi6F1EGuL9rzRwSOX6iBaegInadJOBqJjBl8mIPOKixffqoe/SEB3Y+EmfOLxV9OtXy9ki4TqHva87Q==/_/web/product/medium/202512/50a47553581e7b9d4980d65e07fe3957.png
눅담,813,[1+1] 고단백 저당 천연 르방발효 슬랩 1개 (600g),24900,15900,36,Y,category|title_tag|price_diff,N,프랑스 정통 발효 방식 '천연 르방발효',https://nuldam.com/product/detail.html?product_no=813,https://cafe24.poxo.com/ec01/joinandjoin3/YepDBcpQi6F1EGuL9rzRwSOX6iBaegInadJOBqJjBl8mIPOKixffqoe/SEB3Y+EmfOLxV9OtXy9ki4TqHva87Q==/_/web/product/medium/202606/b98478b211e6e1e6171634519a9640c7.png
눅담,2263,"고단백 저당 쫀득빵 1개 (3가지맛, 개당 85g)",,1900,,Y,category,N,📢 자사몰 단독 플레이버: 군옥수수맛 🌽,https://nuldam.com/product/detail.html?product_no=2263,https://cafe24.poxo.com/ec01/joinandjoin3/YepDBcpQi6F1EGuL9rzRwSOX6iBaegInadJOBqJjBl8mIPOKixffqoe/SEB3Y+EmfOLxV9OtXy9ki4TqHva87Q==/_/web/product/medium/202606/1b920b994655df2826416175090afd1f.png
눅담,52,"고단백 저당 통밀 아메리칸 쿠키 6개 1박스 (6가지맛, 개당 100g)",19800,13900,30,Y,category|price_diff,N,[락토오보] 🥚계란 2개 분량의 고단백 쿠키,https://nuldam.com/product/detail.html?product_no=52,https://cafe24.poxo.com/ec01/joinandjoin3/YepDBcpQi6F1EGuL9rzRwSOX6iBaegInadJOBqJjBl8mIPOKixffqoe/SEB3Y+EmfOLxV9OtXy9ki4TqHva87Q==/_/web/product/medium/202607/149a9353f9605e4317136586ff33638b.png
눅담,91,"고단백 저당 베이글 7개/11개 (7가지맛, 개당 130g)",27800,14600,47,Y,category|price_diff,N,[비건] 단백질 23g 당 2g,https://nuldam.com/product/detail.html?product_no=91,https://cafe24.poxo.com/ec01/joinandjoin3/YepDBcpQi6F1EGuL9rzRwSOX6iBaegInadJOBqJjBl8mIPOKixffqoe/SEB3Y+EmfOLxV9OtXy9ki4TqHva87Q==/_/web/product/medium/202511/a1bd429690bed666dddb81ee01caec1f.png
눅담,2135,[두바이 세트] 두바이 쫀득 뚱카롱 8구 1박스+ 두바이 쫀득 쿠키 4개 1SET,56000,30000,46,Y,category|price_diff,N,"🧆 쫀득한 꼬끄와 진한 초코, 피스타치오맛의 만남🍫",https://nuldam.com/product/detail.html?product_no=2135,https://cafe24.poxo.com/ec01/joinandjoin3/YepDBcpQi6F1EGuL9rzRwSOX6iBaegInadJOBqJjBl8mIPOKixffqoe/SEB3Y+EmfOLxV9OtXy9ki4TqHva87Q==/_/web/product/medium/202604/fd4d368b699613025fb189821788691b.png
눅담,590,[신제품] 널담 뉴트리션 완전영양 라이트번 저당 고단백 모닝빵 플레인 60g 3봉 3세트 (총 9봉),28900,14900,48,Y,category|price_diff,N,,https://nuldam.com/product/detail.html?product_no=590,https://cafe24.poxo.com/ec01/joinandjoin3/YepDBcpQi6F1EGuL9rzRwSOX6iBaegInadJOBqJjBl8mIPOKixffqoe/SEB3Y+EmfOLxV9OtXy9ki4TqHva87Q==/_/web/product/medium/202511/54d8d2e3ec6b9a6592e1a4c1376fd082.png
눅담,573,"[📢 신규 전용 혜택! 100원딜] 고단백 저당 네모 바게트 1개 (5가지맛 택1, 개당 90g)",,100,,Y,category|title_tag,N,💡 신규회원만 누리는 바게트딜!,https://nuldam.com/product/detail.html?product_no=573,https://cafe24.poxo.com/ec01/joinandjoin3/YepDBcpQi6F1EGuL9rzRwSOX6iBaegInadJOBqJjBl8mIPOKixffqoe/SEB3Y+EmfOLxV9OtXy9ki4TqHva87Q==/_/web/product/medium/202512/44ef40483eaca6a2842d070b7609d059.png
눅담,1630,저당 두바이 쫀득 쿠키 4개 (개당 40g),42700,20000,53,Y,category|price_diff,N,널담이 개발한👩‍🔬무설탕 저당 두쫀쿠🧆,https://nuldam.com/product/detail.html?product_no=1630,https://cafe24.poxo.com/ec01/joinandjoin3/YepDBcpQi6F1EGuL9rzRwSOX6iBaegInadJOBqJjBl8mIPOKixffqoe/SEB3Y+EmfOLxV9OtXy9ki4TqHva87Q==/_/web/product/medium/202602/2bd044d97bfe2f1f06bff488154f9de5.png
눅담,360,널담 완전영양 천연 카페인 에너지드링크 24캔 (캔당 355ml),28900,20000,31,Y,category|price_diff,N,[무료배송] 제로 슈가로 부담 없이! 34종 성분 함유⚡,https://nuldam.com/product/detail.html?product_no=360,https://cafe24.poxo.com/ec01/joinandjoin3/YepDBcpQi6F1EGuL9rzRwSOX6iBaegInadJOBqJjBl8mIPOKixffqoe/SEB3Y+EmfOLxV9OtXy9ki4TqHva87Q==/_/web/product/medium/202511/63a7eb897fd312cdc00413a0b78d6ae4.png
눅담,2047,"고단백 저당 베이글 21개 (7가지맛, 개당 130g)",72600,38200,47,Y,category|price_diff,N,[비건] 단백질 23g 당 2g,https://nuldam.com/product/detail.html?product_no=2047,https://cafe24.poxo.com/ec01/joinandjoin3/YepDBcpQi6F1EGuL9rzRwSOX6iBaegInadJOBqJjBl8mIPOKixffqoe/SEB3Y+EmfOLxV9OtXy9ki4TqHva87Q==/_/web/product/medium/202604/d525bf5daeb5aaf2d02a6446bee3369d.png
눅담,2162,"고단백 저당 통밀 아메리칸 쿠키 6개 2박스 (6가지맛, 개당 100g)",39800,25500,36,Y,price_diff,N,[락토오보] 🥚계란 2개 분량의 고단백 쿠키,https://nuldam.com/product/detail.html?product_no=2162,https://cafe24.poxo.com/ec01/joinandjoin3/YepDBcpQi6F1EGuL9rzRwSOX6iBaegInadJOBqJjBl8mIPOKixffqoe/SEB3Y+EmfOLxV9OtXy9ki4TqHva87Q==/_/web/product/medium/202604/ab45814c64a9accedd0df60ddb28adde.png
눅담,1631,"고단백 저당 상온 쫀득 쿠키 6개 (2가지맛 택2, 개당 60g)",29400,15900,46,Y,price_diff,N,[신상품] 상온 라인의 첫주자! 쫀득한 초코와 치즈🍫🧀,https://nuldam.com/product/detail.html?product_no=1631,https://cafe24.poxo.com/ec01/joinandjoin3/YepDBcpQi6F1EGuL9rzRwSOX6iBaegInadJOBqJjBl8mIPOKixffqoe/SEB3Y+EmfOLxV9OtXy9ki4TqHva87Q==/_/web/product/medium/202602/f9ca0b3d0615b869d89083acbca4421d.png
눅담,78,[첫구매혜택] 고단백 통밀스콘 3개입,9900,990,90,Y,price_diff,N,,https://nuldam.com/product/detail.html?product_no=78,https://cafe24.poxo.com/ec01/joinandjoin3/YepDBcpQi6F1EGuL9rzRwSOX6iBaegInadJOBqJjBl8mIPOKixffqoe/SEB3Y+EmfOLxV9OtXy9ki4TqHva87Q==/_/web/product/medium/202512/238c68233b8bc06a4a09799c976cba07.png
눅담,1337,"두바이 쫀득 뚱카롱 8구 1박스 (초코/ 피스타치오맛, 개당 50g)",19600,10900,44,Y,price_diff,N,"🧆 쫀득한 꼬끄와 진한 초코, 피스타치오맛의 만남🍫",https://nuldam.com/product/detail.html?product_no=1337,https://cafe24.poxo.com/ec01/joinandjoin3/YepDBcpQi6F1EGuL9rzRwSOX6iBaegInadJOBqJjBl8mIPOKixffqoe/SEB3Y+EmfOLxV9OtXy9ki4TqHva87Q==/_/web/product/medium/202602/4a459128433f2120e1e0de92883db4e0.jpg
눅담,2200,"고단백 저당 네모 바게트 15개 (5가지맛 택3, 개당 90g)",53800,26200,51,Y,price_diff,N,당첨가 없이 원물로 단맛을 낸 패러다임,https://nuldam.com/product/detail.html?product_no=2200,https://cafe24.poxo.com/ec01/joinandjoin3/YepDBcpQi6F1EGuL9rzRwSOX6iBaegInadJOBqJjBl8mIPOKixffqoe/SEB3Y+EmfOLxV9OtXy9ki4TqHva87Q==/_/web/product/medium/202511/9b59923e01b66d23771d9e8c1c8e60ac.png
눅담,37,"고단백 저당 통밀 르뱅 쿠키 6개 2박스 (6가지맛, 개당 50g)",27500,19900,28,Y,price_diff,N,[락토오보] 🥛우유 2잔 분량의 고단백 르뱅쿠키,https://nuldam.com/product/detail.html?product_no=37,https://cafe24.poxo.com/ec01/joinandjoin3/YepDBcpQi6F1EGuL9rzRwSOX6iBaegInadJOBqJjBl8mIPOKixffqoe/SEB3Y+EmfOLxV9OtXy9ki4TqHva87Q==/_/web/product/medium/202601/61a266198a99468cfc30947ba988d7fe.png
눅담,701,"[🎁답례품] 식이섬유 4.5cm 마카롱 (솔티드 카라멜,블루베리 크림치즈)",,21200,,N,,N,🎁 마음을 전하는 선물 패키지 답례품 💌,https://nuldam.com/product/detail.html?product_no=701,https://cafe24.poxo.com/ec01/joinandjoin3/YepDBcpQi6F1EGuL9rzRwSOX6iBaegInadJOBqJjBl8mIPOKixffqoe/SEB3Y+EmfOLxV9OtXy9ki4TqHva87Q==/_/web/product/medium/202511/ad6f8fdc7f6b7b23a65e2a754a24bf41.png
눅담,118,"체리, 피스타치오 컬렉션 뚱카롱 4구 2박스 (2가지맛, 개당 50g)",19600,11900,39,Y,price_diff,N,[락토오보] 🌸식이섬유 가득한 봄 시즌 플레이버,https://nuldam.com/product/detail.html?product_no=118,https://cafe24.poxo.com/ec01/joinandjoin3/YepDBcpQi6F1EGuL9rzRwSOX6iBaegInadJOBqJjBl8mIPOKixffqoe/SEB3Y+EmfOLxV9OtXy9ki4TqHva87Q==/_/web/product/medium/202511/8b61cbc36590f2659a1c414e7681c604.png
눅담,121,"고단백 저당 통밀 스콘 7개 (3가지맛 택2, 개당 100g)",28900,16900,42,Y,price_diff,N,[락토오보] 고단백&저당&무당 식단관리 스콘💪,https://nuldam.com/product/detail.html?product_no=121,https://cafe24.poxo.com/ec01/joinandjoin3/YepDBcpQi6F1EGuL9rzRwSOX6iBaegInadJOBqJjBl8mIPOKixffqoe/SEB3Y+EmfOLxV9OtXy9ki4TqHva87Q==/_/web/product/medium/202511/2998d0cbd1284b06619bf64c51fa65cd.png
눅담,123,"[2+1]널담 고단백 저당 완전영양 통밀 식빵 3개 (3가지맛, 개당 100g)",15900,10900,31,Y,title_tag|price_diff,N,한 봉지로 채우는 33종 영양성분💪,https://nuldam.com/product/detail.html?product_no=123,https://cafe24.poxo.com/ec01/joinandjoin3/YepDBcpQi6F1EGuL9rzRwSOX6iBaegInadJOBqJjBl8mIPOKixffqoe/SEB3Y+EmfOLxV9OtXy9ki4TqHva87Q==/_/web/product/medium/202511/7a48368e8e43eb0a019b233ec22e515d.png
눅담,378,"💝낱개 구매💝식이섬유 4cm 휘낭시에 8개 1박스 (8가지맛, 개당 50g)",19600,13900,29,Y,price_diff,N,[락토오보] 4cm 두께의 겉바속쫀 크림 휘낭시에,https://nuldam.com/product/detail.html?product_no=378,https://cafe24.poxo.com/ec01/joinandjoin3/YepDBcpQi6F1EGuL9rzRwSOX6iBaegInadJOBqJjBl8mIPOKixffqoe/SEB3Y+EmfOLxV9OtXy9ki4TqHva87Q==/_/web/product/medium/202511/3facec9d01c799a693ad0398033baa06.png
눅담,390,고단백 저당 크림가득 크림빵 5개 (개당 120g),29800,17900,40,Y,price_diff,N,지방은 덜고 단백질은 채운 단백질 25g 크림빵,https://nuldam.com/product/detail.html?product_no=390,https://cafe24.poxo.com/ec01/joinandjoin3/YepDBcpQi6F1EGuL9rzRwSOX6iBaegInadJOBqJjBl8mIPOKixffqoe/SEB3Y+EmfOLxV9OtXy9ki4TqHva87Q==/_/web/product/medium/202511/ca3090f5f9988a39f04bcbc9d1947669.png
눅담,51,"고단백 저당 비건 파운드 케이크 3개 (5가지맛 택1, 개당 140g)",18000,10900,39,Y,price_diff,N,[비건] 🍎사과 2개 분량의 고식이섬유 묵직촉촉 파운드,https://nuldam.com/product/detail.html?product_no=51,https://cafe24.poxo.com/ec01/joinandjoin3/YepDBcpQi6F1EGuL9rzRwSOX6iBaegInadJOBqJjBl8mIPOKixffqoe/SEB3Y+EmfOLxV9OtXy9ki4TqHva87Q==/_/web/product/medium/202511/f745370085b959b0e52b924a4434c1ad.png
눅담,144,널담 브랜드 쇼핑백,,1000,,N,,N,,https://nuldam.com/product/detail.html?product_no=144,https://cafe24.poxo.com/ec01/joinandjoin3/YepDBcpQi6F1EGuL9rzRwSOX6iBaegInadJOBqJjBl8mIPOKixffqoe/SEB3Y+EmfOLxV9OtXy9ki4TqHva87Q==/_/web/product/medium/202511/f5b361adcd16702ec66f648bb12c8c43.png
