brand,csv_name,naver_name,road,jibun,category,lat,lng,link,판정
스타벅스,,스타벅스 전주덕진광장DT점입구,전북특별자치도 전주시 덕진구 덕진동1가,전북특별자치도 전주시 덕진구 덕진동1가,도로시설>방면정보,35.846583,127.12525,,추가(CSV에 없음)
이디야,이디야커피전주하가지구점,이디야커피 전주하가지구점,전북특별자치도 전주시 덕진구 가련산로 10,전북특별자치도 전주시 덕진구 덕진동2가 695-2,"카페,디저트>카페",35.8406886,127.1105499,,확인
메가MGC커피,,메가MGC커피 전주하가지구점,전북특별자치도 전주시 덕진구 가련산로 11,전북특별자치도 전주시 덕진구 덕진동2가 693-2 1층 101호,"카페,디저트>카페",35.8411013,127.1100554,,추가(CSV에 없음)
투썸플레이스,투썸플레이스하가점,투썸플레이스 전주하가점,전북특별자치도 전주시 덕진구 가련산로 20,전북특별자치도 전주시 덕진구 덕진동2가 694-2 투썸플레이스 하가점,"카페,디저트>카페",35.8413593,127.1112765,,확인
빽다방,빽다방전주하가점,빽다방 전주하가점,전북특별자치도 전주시 덕진구 가련산로 7,전북특별자치도 전주시 덕진구 덕진동2가 693-3 형진빌딩 102호,"카페,디저트>테이크아웃커피",35.8409459,127.109858,,확인
투썸플레이스,투썸플레이스전주인후점,투썸플레이스 전주인후점,전북특별자치도 전주시 덕진구 가재미로 100,전북특별자치도 전주시 덕진구 인후동1가 834-1 민빌딩1/2층,"카페,디저트>카페",35.833563,127.1606678,,확인
투썸플레이스,투썸플레이스전주효천점,투썸플레이스 전주삼천점,전북특별자치도 전주시 완산구 강변로 68,전북특별자치도 전주시 완산구 삼천동1가 286-1,"카페,디저트>카페",35.7976093,127.1101116,,확인
컴포즈커피,,컴포즈커피 전주상산타운점,전북특별자치도 전주시 완산구 거마평로 121 상산타운(상가),전북특별자치도 전주시 완산구 효자동1가 652 상가 2동 1층 102호,"카페,디저트>카페",35.803339,127.1165647,,추가(CSV에 없음)
빽다방,빽다방전주삼천흥건점,빽다방 전주삼천흥건점,전북특별자치도 전주시 완산구 거마평로 25 흥건1차아파트 상가,전북특별자치도 전주시 완산구 삼천동1가 300-3 113호 빽다방 전주삼천흥건점,"카페,디저트>테이크아웃커피",35.7947355,127.1166617,https://100원커피이벤트-선착순주문하기.com,확인
컴포즈커피,,컴포즈커피 전주인후점,전북특별자치도 전주시 덕진구 건산로 244,전북특별자치도 전주시 덕진구 인후동1가 845-7 1층 컴포즈커피,"카페,디저트>카페",35.834468,127.163978,,추가(CSV에 없음)
이디야,이디야커피아중리점,이디야커피 전주인후점,전북특별자치도 전주시 덕진구 건산로 250,전북특별자치도 전주시 덕진구 인후동1가 846-4,"카페,디저트>카페",35.8346239,127.1645827,https://blog.naver.com/ediya-coffee,확인
빽다방,빽다방전주인후점,빽다방 전주인후점,전북특별자치도 전주시 덕진구 건산로 254,전북특별자치도 전주시 덕진구 인후동1가 846-6 1층,"카페,디저트>테이크아웃커피",35.8347096,127.1648614,,확인
메가MGC커피,,메가MGC커피 전주인후점,전북특별자치도 전주시 덕진구 건산로 255 롯데슈퍼,전북특별자치도 전주시 덕진구 인후동1가 807-10 롯데슈퍼,"카페,디저트>카페",35.835505,127.1647796,https://100원커피이벤트-선착순주문하기.com,추가(CSV에 없음)
이디야,이디야전북대병원점,이디야커피 전북대병원점,전북특별자치도 전주시 덕진구 건지로 20 전북대학교병원,전북특별자치도 전주시 덕진구 금암동 634-18 1층,"카페,디저트>카페",35.8470973,127.1411625,https://blog.naver.com/ediya-coffee,확인
빽다방,,빽다방 전주아중견훤로점,전북특별자치도 전주시 덕진구 견훤로 233,전북특별자치도 전주시 덕진구 인후동1가 811-2,"카페,디저트>테이크아웃커피",35.8323831,127.1580508,,추가(CSV에 없음)
빽다방,빽다방전주대자인병원점,빽다방 전주대자인병원점,전북특별자치도 전주시 덕진구 견훤로 376-1,전북특별자치도 전주시 덕진구 우아동3가 749-63 1층,"카페,디저트>테이크아웃커피",35.8448294,127.1536641,,확인
메가MGC커피,,메가MGC커피 전주대자인병원점,전북특별자치도 전주시 덕진구 견훤로 379,전북특별자치도 전주시 덕진구 인후동2가 1577-5 1층 101호,"카페,디저트>카페",35.8449694,127.15305,,추가(CSV에 없음)
컴포즈커피,,컴포즈커피 전주대자인병원점,전북특별자치도 전주시 덕진구 견훤로 380,전북특별자치도 전주시 덕진구 우아동3가 734-23 1층 일부호(우아동3가),"카페,디저트>카페",35.845179,127.1534915,,추가(CSV에 없음)
투썸플레이스,투썸플레이스전주에코호수DT,투썸플레이스 전주에코호수DT점,전북특별자치도 전주시 덕진구 과학로 147,전북특별자치도 전주시 덕진구 전미동1가 593-11 투썸플레이스 에코호수DT점,"카페,디저트>카페",35.8821576,127.1280314,,확인
빽다방,,빽다방 전주금암점,전북특별자치도 전주시 덕진구 권삼득로 238,전북특별자치도 전주시 덕진구 금암동 728-28,"카페,디저트>테이크아웃커피",35.8389247,127.1337242,,추가(CSV에 없음)
빽다방,빽다방전북대1호점,빽다방 전북대1호점,전북특별자치도 전주시 덕진구 권삼득로 301,전북특별자치도 전주시 덕진구 금암동 664-53,"카페,디저트>테이크아웃커피",35.8431136,127.1286135,https://100원커피이벤트-선착순주문하기.com,확인
투썸플레이스,,투썸플레이스 전주전북대점,전북특별자치도 전주시 덕진구 권삼득로 307,전북특별자치도 전주시 덕진구 금암동 664-46,"카페,디저트>카페",35.8434239,127.1281538,http://www.twosome.co.kr/,추가(CSV에 없음)
이디야,이디야커피전북대점,이디야커피 전북대구정문점,전북특별자치도 전주시 덕진구 권삼득로 313,"전북특별자치도 전주시 덕진구 금암동 664-39 2,3층","카페,디저트>카페",35.8436952,127.1277173,https://blog.naver.com/ediya-coffee,확인
컴포즈커피,,컴포즈커피 전북대점,전북특별자치도 전주시 덕진구 권삼득로 315,전북특별자치도 전주시 덕진구 금암동 664-15,"카페,디저트>카페",35.8437363,127.1274958,,추가(CSV에 없음)
스타벅스,스타벅스전주IC DT점,스타벅스 전주IC DT점,전북특별자치도 전주시 덕진구 기린대로 1022,전북특별자치도 전주시 덕진구 여의동 654-2,"카페,디저트>카페",35.8680373,127.0745599,http://www.starbucks.co.kr/,확인
이디야,,이디야커피 전북현대모터스E점,전북특별자치도 전주시 덕진구 기린대로 1055 월드컵경기장,전북특별자치도 전주시 덕진구 반월동 763-1 3층,"카페,디저트>카페",35.8680847,127.0645093,,추가(CSV에 없음)
빽다방,,빽다방 전주시청점,전북특별자치도 전주시 완산구 기린대로 205 다올빌딩,전북특별자치도 전주시 완산구 서노송동 568-116 다올빌딩 빽다방 전주시청점,"카페,디저트>테이크아웃커피",35.8253228,127.1469554,,추가(CSV에 없음)
스타벅스,,스타벅스 전주시청점,전북특별자치도 전주시 완산구 기린대로 213 대우빌딩,전북특별자치도 전주시 완산구 서노송동 568-95,"카페,디저트>카페",35.8257422,127.1463498,http://www.starbucks.co.kr/,추가(CSV에 없음)
스타벅스,스타벅스전주덕진광장DT,스타벅스 전주덕진광장DT점,전북특별자치도 전주시 덕진구 기린대로 491,전북특별자치도 전주시 덕진구 덕진동1가 1275-22,"카페,디저트>카페",35.8429457,127.1242736,http://www.starbucks.co.kr/,확인
스타벅스,,스타벅스 전주혁신도시점,전북특별자치도 전주시 덕진구 기지로 68,전북특별자치도 전주시 덕진구 중동 774-3,"카페,디저트>카페",35.8381029,127.0593199,http://www.starbucks.co.kr/,추가(CSV에 없음)
빽다방,,빽다방 전주혁신1호점,전북특별자치도 전주시 덕진구 기지로 77 대방 디엠시티,전북특별자치도 전주시 덕진구 장동 1111 B129호,"카페,디저트>테이크아웃커피",35.8390606,127.0605141,http://paikdabang.com/,추가(CSV에 없음)
컴포즈커피,,컴포즈커피 전주혁신대방점,전북특별자치도 전주시 덕진구 기지로 82,전북특별자치도 전주시 덕진구 중동 775-2 1층 102동(중동),"카페,디저트>카페",35.838091,127.0609063,,추가(CSV에 없음)
컴포즈커피,,컴포즈커피 전주서신쌍용점,전북특별자치도 전주시 완산구 당산로 11-1 쌍용서신아파트,"전북특별자치도 전주시 완산구 서신동 761-2 상가2동 1층 1호, 2호","카페,디저트>카페",35.8327902,127.1093761,,추가(CSV에 없음)
스타벅스,스타벅스전주이마트점,스타벅스 전주이마트점,전북특별자치도 전주시 완산구 당산로 111 E마트,전북특별자치도 전주시 완산구 서신동 767,"카페,디저트>카페",35.832589,127.1204478,http://www.starbucks.co.kr/,확인
빽다방,빽다방전주서신중앙점,빽다방 전주서신중앙점,전북특별자치도 전주시 완산구 당산로 39 새마을금고,전북특별자치도 전주시 완산구 서신동 764-2 제일비사벌아파트 상가 108동 111호,"카페,디저트>테이크아웃커피",35.8323463,127.1127264,,확인
투썸플레이스,투썸플레이스전주송천점,투썸플레이스 전주송천점,전북특별자치도 전주시 덕진구 동부대로 1145,전북특별자치도 전주시 덕진구 송천동2가 454-1,"카페,디저트>카페",35.8693956,127.1217727,,확인
투썸플레이스,투썸플레이스동전주점,투썸플레이스 동전주점,전북특별자치도 전주시 덕진구 동부대로 841,전북특별자치도 전주시 덕진구 호성동1가 587-22 1층,"카페,디저트>카페",35.861749,127.1515773,,확인
스타벅스,스타벅스전주호성DT점,스타벅스 전주호성DT점,전북특별자치도 전주시 덕진구 동부대로 860,전북특별자치도 전주시 덕진구 호성동1가 586,"카페,디저트>카페",35.8636407,127.1507878,http://www.starbucks.co.kr/,확인
이디야,이디야커피(케이비에스점),이디야커피 케이비에스점,전북특별자치도 전주시 완산구 마전2길 17-7,"전북특별자치도 전주시 완산구 효자동3가 1647-14 17-8, ( 1643-5번지)","카페,디저트>카페",35.8222779,127.1026943,https://blog.naver.com/ediya-coffee,확인
컴포즈커피,,컴포즈커피 전주홍산점,전북특별자치도 전주시 완산구 마전들로 56,전북특별자치도 전주시 완산구 효자동3가 1689-7 1층(효자동 3가),"카페,디저트>카페",35.8208612,127.1016427,,추가(CSV에 없음)
메가MGC커피,,메가MGC커피 전주KBS점,전북특별자치도 전주시 완산구 마전들로 77,전북특별자치도 전주시 완산구 효자동3가 1648-6 1층,"카페,디저트>카페",35.82123,127.1040697,,추가(CSV에 없음)
빽다방,,빽다방 전주KBS점,전북특별자치도 전주시 완산구 마전로 7 천지목빌딩,전북특별자치도 전주시 완산구 효자동3가 1645-7 1동 1층,"카페,디저트>테이크아웃커피",35.8217609,127.1040759,http://paikdabang.com/,추가(CSV에 없음)
빽다방,빽다방전주만성지구점,빽다방 전주만성지구점,전북특별자치도 전주시 덕진구 만성동로 59,"전북특별자치도 전주시 덕진구 만성동 1262-5 104호, 105호","카페,디저트>테이크아웃커피",35.8414095,127.078076,,확인
이디야,이디야커피전주만성점,이디야커피 전주만성점,전북특별자치도 전주시 덕진구 만성로 128,전북특별자치도 전주시 덕진구 만성동 1259-7 107호,"카페,디저트>카페",35.8425907,127.0765488,https://blog.naver.com/ediya-coffee,확인
빽다방,,빽다방 전주 만성북부점,전북특별자치도 전주시 덕진구 만성북로 19,전북특별자치도 전주시 덕진구 만성동 1343-8 1층 105호,"카페,디저트>테이크아웃커피",35.8497969,127.0773503,,추가(CSV에 없음)
이디야,이디야커피전주만성골드점,이디야커피 전주만성골드점,전북특별자치도 전주시 덕진구 만성북로 51-5,전북특별자치도 전주시 덕진구 만성동 1345-8,"카페,디저트>카페",35.8488162,127.0804702,https://blog.naver.com/ediya-coffee,확인
빽다방,,빽다방 전주만성중앙점,전북특별자치도 전주시 덕진구 만성중앙로 17-10 SKY빌딩,전북특별자치도 전주시 덕진구 만성동 1365-5 101호,"카페,디저트>테이크아웃커피",35.8447939,127.0745894,,추가(CSV에 없음)
컴포즈커피,,컴포즈커피 전주만성지구점,전북특별자치도 전주시 덕진구 만성중앙로 35,전북특별자치도 전주시 덕진구 만성동 1366-7,"카페,디저트>카페",35.8435618,127.0757043,,추가(CSV에 없음)
메가MGC커피,,메가MGC커피 전주만성지구점,전북특별자치도 전주시 덕진구 만성중앙로 45,전북특별자치도 전주시 덕진구 만성동 1373-1 1층 103호,"카페,디저트>카페",35.8431113,127.076853,,추가(CSV에 없음)
투썸플레이스,투썸플레이스전주평화점,투썸플레이스 전주평화점,전북특별자치도 전주시 완산구 맏내3길 4 자바데이브,전북특별자치도 전주시 완산구 평화동1가 706-7 투썸플레이스,"카페,디저트>카페",35.7928959,127.1316899,,확인
빽다방,,빽다방 전주중화산에코르점,전북특별자치도 전주시 완산구 메너머3길 41,전북특별자치도 전주시 완산구 중화산동2가 688-1 1층,"카페,디저트>테이크아웃커피",35.8237446,127.1181499,,추가(CSV에 없음)
스타벅스,스타벅스전북대점,스타벅스 전북대점,전북특별자치도 전주시 덕진구 명륜4길 12,전북특별자치도 전주시 덕진구 덕진동1가 1263-3,"카페,디저트>카페",35.8429525,127.1268077,http://www.starbucks.co.kr/,확인
메가MGC커피,,메가MGC커피 전북대구정문점,전북특별자치도 전주시 덕진구 명륜4길 23,전북특별자치도 전주시 덕진구 덕진동1가 664-8 1층,"카페,디저트>카페",35.843943,127.1271207,https://100원커피이벤트-선착순주문하기.com,추가(CSV에 없음)
메가MGC커피,메가엠지씨커피 전주평화점,메가MGC커피 전주평화점,전북특별자치도 전주시 완산구 모악로 4688 미주치과,전북특별자치도 전주시 완산구 평화동2가 306-4 1층,"카페,디저트>카페",35.7877856,127.13072,,확인
스타벅스,스타벅스전주평화DT,스타벅스 전주평화DT점,전북특별자치도 전주시 완산구 모악로 4696,전북특별자치도 전주시 완산구 평화동2가 300-1,"카페,디저트>카페",35.7884257,127.1310724,http://www.starbucks.co.kr/,확인
이디야,이디야커피평화사거리점,이디야커피 전주평화사거리점,전북특별자치도 전주시 완산구 모악로 4764 백산한의원,전북특별자치도 전주시 완산구 평화동1가 731-7 1층 이디야커피 전주평화사거리점,"카페,디저트>카페",35.794502,127.1327236,https://blog.naver.com/ediya-coffee,확인
메가MGC커피,,메가MGC커피 전주아중점,전북특별자치도 전주시 덕진구 무삼지로 35,전북특별자치도 전주시 덕진구 인후동1가 889-4,"카페,디저트>카페",35.8288637,127.1640818,,추가(CSV에 없음)
컴포즈커피,,컴포즈커피 전주인후부영점,전북특별자치도 전주시 덕진구 무삼지로 43,전북특별자치도 전주시 덕진구 인후동1가 885-4 1층,"카페,디저트>카페",35.8293946,127.1638877,https://100원커피이벤트-선착순주문하기.com,추가(CSV에 없음)
빽다방,,빽다방 전주대점,전북특별자치도 전주시 완산구 백마산길 25,전북특별자치도 전주시 완산구 효자동3가 1183-10,"카페,디저트>테이크아웃커피",35.8171045,127.0904497,http://paikdabang.com/,추가(CSV에 없음)
컴포즈커피,,컴포즈커피 전주대점,전북특별자치도 전주시 완산구 백마산길 30,전북특별자치도 전주시 완산구 효자동3가 1174-1 1층(효자동 3가),"카페,디저트>카페",35.8172928,127.0898987,,추가(CSV에 없음)
메가MGC커피,메가커피 효자점,메가MGC커피 전주대점,전북특별자치도 전주시 완산구 백마산길 36,전북특별자치도 전주시 완산구 효자동3가 1175-2 1층,"카페,디저트>카페",35.81707,127.0894289,,확인
빽다방,,빽다방 전주에코백석점,전북특별자치도 전주시 덕진구 백석남로 131 전주 에코시티 데시앙 15BL 상가,전북특별자치도 전주시 덕진구 송천동2가 1519 상가1동 106호,"카페,디저트>테이크아웃커피",35.8791145,127.1257085,,추가(CSV에 없음)
스타벅스,,스타벅스 전주에코DT점,전북특별자치도 전주시 덕진구 백석로 170,전북특별자치도 전주시 덕진구 전미동1가 13-4,"카페,디저트>카페",35.8821832,127.1318326,http://www.starbucks.co.kr/,추가(CSV에 없음)
스타벅스,스타벅스전주백제대로DT,스타벅스 전주백제대로DT점,전북특별자치도 전주시 완산구 백제대로 242,전북특별자치도 전주시 완산구 중화산동2가 648,"카페,디저트>카페",35.8146251,127.1234326,http://www.starbucks.co.kr/,확인
빽다방,,빽다방 전주근영점,전북특별자치도 전주시 완산구 백제대로 264,전북특별자치도 전주시 완산구 중화산동2가 651-3 1층,"카페,디저트>테이크아웃커피",35.8167715,127.1233779,,추가(CSV에 없음)
이디야,이디야커피 전주근영여고점,이디야커피 전주근영여고점,전북특별자치도 전주시 완산구 백제대로 276,전북특별자치도 전주시 완산구 중화산동2가 652,"카페,디저트>카페",35.817811,127.1233254,https://blog.naver.com/ediya-coffee,확인
빽다방,,빽다방 전주서신아이파크점,전북특별자치도 전주시 완산구 백제대로 398,전북특별자치도 전주시 완산구 서신동 25-1 1층 104호,"카페,디저트>테이크아웃커피",35.8286895,127.1232641,,추가(CSV에 없음)
메가MGC커피,,메가MGC커피 전북대한옥정문점,전북특별자치도 전주시 덕진구 백제대로 563 코앞,"전북특별자치도 전주시 덕진구 금암동 668-3 1층 108호, 109호","카페,디저트>카페",35.8409121,127.1312231,,추가(CSV에 없음)
스타벅스,스타벅스전북대병원DT점,스타벅스 전북대병원DT점,전북특별자치도 전주시 덕진구 백제대로 616,전북특별자치도 전주시 덕진구 금암동 1552-19,"카페,디저트>카페",35.8416479,127.1370427,http://www.starbucks.co.kr/,확인
빽다방,,빽다방 전주사대부고점,전북특별자치도 전주시 덕진구 백제대로 639 김효성치과병원,전북특별자치도 전주시 덕진구 금암동 1589-1 1층,"카페,디저트>테이크아웃커피",35.8430414,127.1393179,https://100원커피이벤트-선착순주문하기.com,추가(CSV에 없음)
투썸플레이스,투썸플레이스전주백제로점,투썸플레이스 전주백제로점,전북특별자치도 전주시 덕진구 백제대로 736 새마을금고,전북특별자치도 전주시 덕진구 인후동2가 1558-2 새마을금고,"카페,디저트>카페",35.8453206,127.1495788,,확인
빽다방,,빽다방 전주첫마중길점,전북특별자치도 전주시 덕진구 백제대로 813,전북특별자치도 전주시 덕진구 우아동3가 746-30 1층,"카페,디저트>테이크아웃커피",35.8485258,127.157223,https://www.instagram.com/jjs.father?igsh=MWRoM3h4aDd5anhlbw==,추가(CSV에 없음)
컴포즈커피,,컴포즈커피 전주IC점,전북특별자치도 전주시 덕진구 번영로 485,전북특별자치도 전주시 덕진구 용정동 38-1,"카페,디저트>카페",35.8742989,127.0604739,,추가(CSV에 없음)
빽다방,,빽다방 전주덕진구청점,전북특별자치도 전주시 덕진구 벚꽃3길 10,전북특별자치도 전주시 덕진구 진북동 1021-6,"카페,디저트>테이크아웃커피",35.8285332,127.1340244,,추가(CSV에 없음)
컴포즈커피,,컴포즈커피 전주대신정문점,전북특별자치도 전주시 완산구 봉곡1길 1,전북특별자치도 전주시 완산구 효자동3가 1733-1,"카페,디저트>카페",35.8133815,127.0971856,,추가(CSV에 없음)
컴포즈커피,,컴포즈커피 전주송천오송점,전북특별자치도 전주시 덕진구 사근1길 10,전북특별자치도 전주시 덕진구 송천동2가 175-52 현대메디컬시티 1층 105호,"카페,디저트>카페",35.8664095,127.128096,,추가(CSV에 없음)
빽다방,빽다방 전주서신롯데점,빽다방 전주서신롯데점,전북특별자치도 전주시 완산구 새터로 122-23,전북특별자치도 전주시 완산구 서신동 969-9,"카페,디저트>테이크아웃커피",35.8345803,127.1202149,http://paikdabang.com/,확인
이디야,이디야(서곡지구점),이디야커피 전주서곡지구점,전북특별자치도 전주시 완산구 서곡1길 13-8,전북특별자치도 전주시 완산구 효자동3가 1450-5,"카페,디저트>카페",35.8348325,127.099261,https://blog.naver.com/ediya-coffee,확인
스타벅스,스타벅스커피 전주서신점,스타벅스 전주서신점,전북특별자치도 전주시 완산구 서신로 104,전북특별자치도 전주시 완산구 서신동 964-6,"카페,디저트>카페",35.8346285,127.1161181,http://www.starbucks.co.kr/,확인
메가MGC커피,,메가MGC커피 전주서일점,전북특별자치도 전주시 완산구 서신로 111,전북특별자치도 전주시 완산구 서신동 963-2,"카페,디저트>카페",35.8352474,127.1156306,,추가(CSV에 없음)
메가MGC커피,,메가MGC커피 전주서신점,전북특별자치도 전주시 완산구 서신로 4,전북특별자치도 전주시 완산구 서신동 856-3,"카페,디저트>카페",35.8257125,127.1160091,,추가(CSV에 없음)
이디야,이디야커피서신점,이디야커피 전주서신주민센터점,전북특별자치도 전주시 완산구 서신로 47,전북특별자치도 전주시 완산구 서신동 815-2,"카페,디저트>카페",35.8296692,127.1156072,https://blog.naver.com/ediya-coffee,확인
이디야,이디야커피중화산동점,이디야커피 중화산동점,전북특별자치도 전주시 완산구 서원로 283,전북특별자치도 전주시 완산구 중화산동2가 119-14,"카페,디저트>카페",35.8122161,127.1255929,https://blog.naver.com/ediya-coffee,확인
투썸플레이스,,투썸플레이스 서원로점,전북특별자치도 전주시 완산구 서원로 339 화심순두부,전북특별자치도 전주시 완산구 중화산동1가 321-10 1층,"카페,디저트>카페",35.8130335,127.1312292,,추가(CSV에 없음)
빽다방,빽다방전주예수병원점,빽다방 전주예수병원점,전북특별자치도 전주시 완산구 서원로 345,전북특별자치도 전주시 완산구 중화산동1가 321-3,"카페,디저트>테이크아웃커피",35.813291,127.1319784,,확인
스타벅스,,스타벅스 전주예수병원점,전북특별자치도 전주시 완산구 서원로 356-1,전북특별자치도 전주시 완산구 중화산동1가 303-7,"카페,디저트>카페",35.8133029,127.1329856,http://www.starbucks.co.kr/,추가(CSV에 없음)
컴포즈커피,,컴포즈커피 전주중앙여고점,전북특별자치도 전주시 덕진구 석소로 20,전북특별자치도 전주시 덕진구 우아동2가 904-6 중원빌딩 1층 103호,"카페,디저트>카페",35.8292195,127.1695591,https://100원커피이벤트-선착순주문하기.com,추가(CSV에 없음)
빽다방,빽다방 전주서곡지구점,빽다방 전주서곡지구점,전북특별자치도 전주시 완산구 세내로 544,전북특별자치도 전주시 완산구 효자동3가 1456-4 1층 빽다방,"카페,디저트>테이크아웃커피",35.8339767,127.0998244,,확인
스타벅스,스타벅스전주에코시티점,스타벅스 전주에코시티점,전북특별자치도 전주시 덕진구 세병2길 10 로마네시티 현대썬앤빌 전주,전북특별자치도 전주시 덕진구 송천동2가 1329-1,"카페,디저트>카페",35.8730827,127.1245697,http://www.starbucks.co.kr/,확인
메가MGC커피,,메가MGC커피 전주에코시티로터리점,전북특별자치도 전주시 덕진구 세병남로 39 청동빌딩,"전북특별자치도 전주시 덕진구 송천동2가 1326-11 1층 105호, 106호","카페,디저트>카페",35.8732778,127.1277996,,추가(CSV에 없음)
빽다방,빽다방전주에코세병호점,빽다방 전주에코세병호점,전북특별자치도 전주시 덕진구 세병로 174-10 대강빌딩2,전북특별자치도 전주시 덕진구 송천동2가 1301-2 대강 빌딩2 1층 102호,"카페,디저트>테이크아웃커피",35.8790381,127.133993,,확인
컴포즈커피,,컴포즈커피 전주에코스위첸점,전북특별자치도 전주시 덕진구 세병로 174-19,전북특별자치도 전주시 덕진구 송천동2가 1299-3 103호 컴포즈커피 전주에코스위첸점,"카페,디저트>카페",35.8802653,127.1340302,,추가(CSV에 없음)
메가MGC커피,,메가MGC커피 전주에코시티점,전북특별자치도 전주시 덕진구 세병로 178-4,전북특별자치도 전주시 덕진구 송천동2가 1299-9 메디컬시티빌딩 102호,"카페,디저트>카페",35.8790272,127.1332324,,추가(CSV에 없음)
빽다방,빽다방전주에코시티점,빽다방 전주에코시티점,전북특별자치도 전주시 덕진구 세병로 22,전북특별자치도 전주시 덕진구 송천동2가 1326-4 1층 103호,"카페,디저트>테이크아웃커피",35.8743375,127.1275497,https://100원커피이벤트-선착순주문하기.com,확인
컴포즈커피,컴포즈커피에코시티점,컴포즈커피 전주에코시티점,전북특별자치도 전주시 덕진구 세병로 26,전북특별자치도 전주시 덕진구 송천동2가 1326-6 102호,"카페,디저트>카페",35.8741097,127.127701,,확인
컴포즈커피,,컴포즈커피 전주에코3블럭점,전북특별자치도 전주시 덕진구 세병로 92 에코시티 데시앙 네스트 3블럭,전북특별자치도 전주시 덕진구 송천동2가 1342 113호,"카페,디저트>카페",35.8725528,127.1343046,,추가(CSV에 없음)
이디야,이디야커피에코점,이디야커피 전주에코점,전북특별자치도 전주시 덕진구 세병서로 22,전북특별자치도 전주시 덕진구 송천동2가 1336-1,"카페,디저트>카페",35.8716382,127.1246095,,확인
컴포즈커피,컴포즈커피평화점,컴포즈커피 전주평화점,전북특별자치도 전주시 완산구 소대배기로 32,전북특별자치도 전주시 완산구 평화동2가 894-2,"카페,디저트>카페",35.7867199,127.1335205,,확인
컴포즈커피,,컴포즈커피 전주송천점,전북특별자치도 전주시 덕진구 솔내로 121,전북특별자치도 전주시 덕진구 송천동1가 138-2,"카페,디저트>카페",35.8610378,127.1263199,,추가(CSV에 없음)
메가MGC커피,,메가MGC커피 전주송천1가점,전북특별자치도 전주시 덕진구 솔내로 130,전북특별자치도 전주시 덕진구 송천동1가 104-5 1층 101호,"카페,디저트>카페",35.8616274,127.1269491,,추가(CSV에 없음)
메가MGC커피,메가엠지씨커피전주호성점,메가MGC커피 전주송천점,전북특별자치도 전주시 덕진구 솔내로 184,전북특별자치도 전주시 덕진구 송천동2가 220-8 103호,"카페,디저트>카페",35.8663634,127.1274216,,확인
빽다방,,빽다방 전주송천센트럴파크점,전북특별자치도 전주시 덕진구 송천로 1 송천동센트럴파크아파트,전북특별자치도 전주시 덕진구 송천동1가 292-7 1-2블럭동 1층 106호,"카페,디저트>테이크아웃커피",35.8543951,127.1185925,,추가(CSV에 없음)
스타벅스,스타벅스전주송천DT,스타벅스 전주송천DT점,전북특별자치도 전주시 덕진구 송천중앙로 228,전북특별자치도 전주시 덕진구 송천동2가 487,"카페,디저트>카페",35.867434,127.121928,http://www.starbucks.co.kr/,확인
빽다방,빽다방전주용소점,빽다방 전주용소점,전북특별자치도 전주시 덕진구 시천로 17,전북특별자치도 전주시 덕진구 송천동1가 626-75 해피니스타워 107호,"카페,디저트>테이크아웃커피",35.8607694,127.1144971,,확인
스타벅스,스타벅스전주인후DT점,스타벅스 전주인후DT점,전북특별자치도 전주시 덕진구 아중로 135,전북특별자치도 전주시 덕진구 인후동1가 914-7,"카페,디저트>카페",35.8257645,127.1644449,http://www.starbucks.co.kr/,확인
메가MGC커피,,메가MGC커피 전주아중마을점,전북특별자치도 전주시 덕진구 아중로 173,전북특별자치도 전주시 덕진구 인후동1가 920-5 1층,"카페,디저트>카페",35.8270898,127.1682993,,추가(CSV에 없음)
빽다방,빽다방 전주아중점,빽다방 전주아중점,전북특별자치도 전주시 덕진구 아중로 175,전북특별자치도 전주시 덕진구 인후동1가 924-20 102호,"카페,디저트>테이크아웃커피",35.8271984,127.1685778,https://paikdabang.com/,확인
스타벅스,,스타벅스 전주아중DT점,전북특별자치도 전주시 덕진구 아중로 220,전북특별자치도 전주시 덕진구 우아동1가 908-1,"카페,디저트>카페",35.828236,127.1731659,http://www.starbucks.co.kr/,추가(CSV에 없음)
이디야,이디야커피전주북일점,이디야커피 전주북일점,전북특별자치도 전주시 덕진구 안골4길 4,전북특별자치도 전주시 덕진구 인후동1가 755-10 1층,"카페,디저트>카페",35.8412357,127.1552,https://blog.naver.com/ediya-coffee,확인
빽다방,,빽다방 전주모래내시장점,전북특별자치도 전주시 덕진구 안덕원로 165 모래내동물병원,전북특별자치도 전주시 덕진구 인후동2가 234-1 1층,"카페,디저트>테이크아웃커피",35.8339307,127.1459067,,추가(CSV에 없음)
이디야,이디야안골네거리,이디야커피 전주안골네거리점,전북특별자치도 전주시 덕진구 안덕원로 248 범양빌딩,전북특별자치도 전주시 덕진구 인후동1가 772-6 범양빌딩,"카페,디저트>카페",35.8362701,127.1540649,https://blog.naver.com/ediya-coffee,확인
빽다방,,빽다방 전주안골네거리점,전북특별자치도 전주시 덕진구 안덕원로 250,전북특별자치도 전주시 덕진구 인후동1가 772-7 1층,"카페,디저트>테이크아웃커피",35.8362775,127.1542373,,추가(CSV에 없음)
컴포즈커피,,컴포즈커피 전주어은점,전북특별자치도 전주시 완산구 어은로 18,전북특별자치도 전주시 완산구 중화산동2가 658,"카페,디저트>카페",35.8164666,127.1248234,,추가(CSV에 없음)
빽다방,,빽다방 전주한옥어진길점,전북특별자치도 전주시 완산구 어진길 40,전북특별자치도 전주시 완산구 풍남동2가 40-11 1층 102호,"카페,디저트>테이크아웃커피",35.8177434,127.1523235,,추가(CSV에 없음)
이디야,,이디야커피 전주서신점,전북특별자치도 전주시 완산구 여울로 17-8 호암빌딩,전북특별자치도 전주시 완산구 서신동 968-7 호암빌딩,"카페,디저트>카페",35.8351308,127.1209311,https://blog.naver.com/ediya-coffee,추가(CSV에 없음)
이디야,이디야커피숍(전주혁신점),이디야커피 전주혁신점,전북특별자치도 전주시 덕진구 오정1길 4,"전북특별자치도 전주시 덕진구 중동 779-2 1동 102, 103호","카페,디저트>카페",35.8356793,127.0601236,https://blog.naver.com/ediya-coffee,확인
투썸플레이스,투썸플레이스(전주교직원공제회관점),투썸플레이스 전주교직원공제회관점,전북특별자치도 전주시 완산구 온고을로 1 한국교직원공제회전북회관,전북특별자치도 전주시 완산구 서신동 769-1 한국교직원공제회,"카페,디저트>카페",35.8333104,127.1221117,http://www.twosome.co.kr/,확인
컴포즈커피,컴포즈커피 전주롯데점,컴포즈커피 전주롯데점,전북특별자치도 전주시 완산구 온고을로 22,전북특별자치도 전주시 완산구 서신동 970-3 106호,"카페,디저트>카페",35.8341967,127.1204651,,확인
메가MGC커피,,메가MGC커피 전주롯데점,전북특별자치도 전주시 완산구 온고을로 30-18,전북특별자치도 전주시 완산구 서신동 969-7,"카페,디저트>카페",35.834588,127.1205903,,추가(CSV에 없음)
메가MGC커피,,메가MGC커피 전주화개네거리점,전북특별자치도 전주시 덕진구 온고을로 566,전북특별자치도 전주시 덕진구 여의동 1263-7 1층,"카페,디저트>카페",35.8561208,127.0689199,,추가(CSV에 없음)
메가MGC커피,메가커피삼천중앙점,메가MGC커피 전주삼천중앙점,전북특별자치도 전주시 완산구 용리로 143 삼익수영장,전북특별자치도 전주시 완산구 삼천동1가 590-1 상가동 1층 5호,"카페,디저트>카페",35.7972927,127.1253691,,확인
이디야,이디야커피삼천점,이디야커피 전주삼천점,전북특별자치도 전주시 완산구 용리로 43,전북특별자치도 전주시 완산구 효자동1가 669-4,"카페,디저트>카페",35.7988211,127.1146559,https://blog.naver.com/ediya-coffee,확인
메가MGC커피,메가엠지씨커피전주삼천점,메가MGC커피 전주삼천점,전북특별자치도 전주시 완산구 용리로 55,전북특별자치도 전주시 완산구 효자동1가 669-11,"카페,디저트>카페",35.7988109,127.1157531,,확인
빽다방,빽다방 전주서부시장점,빽다방 전주서부시장점,전북특별자치도 전주시 완산구 용머리로 149 힐스테이트어울림효자 상가,전북특별자치도 전주시 완산구 효자동1가 902 상가 A동 1층 B104호,"카페,디저트>테이크아웃커피",35.8067078,127.1263453,,확인
메가MGC커피,,메가MGC커피 전주서부시장점,전북특별자치도 전주시 완산구 용머리로 165 행진수족관,전북특별자치도 전주시 완산구 효자동1가 193-7 1층,"카페,디저트>카페",35.8064956,127.1279992,,추가(CSV에 없음)
이디야,이디야커피(서부시장점),이디야커피 전주서부시장점,전북특별자치도 전주시 완산구 용머리로 167,전북특별자치도 전주시 완산구 효자동1가 147-1,"카페,디저트>카페",35.8066255,127.1284212,https://blog.naver.com/ediya-coffee,확인
투썸플레이스,,투썸플레이스 CGV 전주효자점,전북특별자치도 전주시 완산구 용머리로 45,전북특별자치도 전주시 완산구 효자동1가 434,"카페,디저트>카페",35.8068906,127.1156286,,추가(CSV에 없음)
스타벅스,스타벅스커피 전주효자DT점,스타벅스 전주효자DT점,전북특별자치도 전주시 완산구 용머리로 7,전북특별자치도 전주시 완산구 효자동1가 410-6,"카페,디저트>카페",35.8056207,127.11114,http://www.starbucks.co.kr/,확인
빽다방,빽다방전주효자안행교점,빽다방 전주효자안행교점,전북특별자치도 전주시 완산구 용머리로 72,전북특별자치도 전주시 완산구 효자동1가 281-3,"카페,디저트>테이크아웃커피",35.8062806,127.1180391,,확인
빽다방,빽다방전주우아한시티점,빽다방 전주우아한시티점,전북특별자치도 전주시 덕진구 우아로 31 우아한시티 상가,전북특별자치도 전주시 덕진구 우아동3가 772 1층 19호,"카페,디저트>테이크아웃커피",35.8506073,127.1557415,,확인
이디야,이디야커피우아한시티점,이디야커피 전주우아한시티점,전북특별자치도 전주시 덕진구 우아로 32,전북특별자치도 전주시 덕진구 우아동3가 744-1,"카페,디저트>카페",35.8507498,127.156028,https://blog.naver.com/ediya-coffee,확인
이디야,이디야커피 전주효자우전점,이디야커피 전주효자우전점,전북특별자치도 전주시 완산구 우전2길 34,전북특별자치도 전주시 완산구 효자동2가 172-3,"카페,디저트>카페",35.8074388,127.1074781,https://blog.naver.com/ediya-coffee,확인
빽다방,빽다방 전주수병원점,빽다방 전주수병원점,전북특별자치도 전주시 완산구 우전로 212,전북특별자치도 전주시 완산구 효자동2가 1255-1,"카페,디저트>테이크아웃커피",35.8133864,127.1021228,,확인
스타벅스,,스타벅스 전주신시가지점,전북특별자치도 전주시 완산구 우전로 255,전북특별자치도 전주시 완산구 효자동2가 1233-2,"카페,디저트>카페",35.8172923,127.1015865,http://www.starbucks.co.kr/,추가(CSV에 없음)
이디야,,이디야커피 전주KBS점,전북특별자치도 전주시 완산구 우전로 312 대진빌딩,전북특별자치도 전주시 완산구 효자동3가 1643-5 1층 105호,"카페,디저트>카페",35.8223299,127.1021928,https://blog.naver.com/ediya-coffee,추가(CSV에 없음)
빽다방,,빽다방 전주효자기전점,전북특별자치도 전주시 완산구 우전로 339,전북특별자치도 전주시 완산구 효자동3가 1626-10,"카페,디저트>테이크아웃커피",35.8248906,127.1016536,,추가(CSV에 없음)
빽다방,빽다방전주본병원점,빽다방 전주본병원점,전북특별자치도 전주시 완산구 유연로 275,전북특별자치도 전주시 완산구 서신동 855-3 1층 2호,"카페,디저트>테이크아웃커피",35.8255756,127.1155705,,확인
이디야,이디야커피숍서신바구멀점,이디야커피 서신바구멀점,전북특별자치도 전주시 완산구 전룡로 102,전북특별자치도 전주시 완산구 서신동 23-2,"카페,디저트>카페",35.8284585,127.1237207,https://blog.naver.com/ediya-coffee,확인
스타벅스,스타벅스전주경원점,스타벅스 전주경원점,전북특별자치도 전주시 완산구 전주객사4길 44-18,전북특별자치도 전주시 완산구 고사동 142-2,"카페,디저트>카페",35.8197831,127.1444733,http://www.starbucks.co.kr/,확인
메가MGC커피,,메가MGC커피 전주고사객사길점,전북특별자치도 전주시 완산구 전주객사5길 24,전북특별자치도 전주시 완산구 고사동 64-5,"카페,디저트>카페",35.8193002,127.14557,,추가(CSV에 없음)
이디야,이디야 전주고사점,이디야커피 전주고사점,전북특별자치도 전주시 완산구 전주객사5길 32,전북특별자치도 전주시 완산구 고사동 55-6,"카페,디저트>카페",35.8196178,127.1454455,https://blog.naver.com/ediya-coffee,확인
빽다방,,빽다방 전주객사1호점,전북특별자치도 전주시 완산구 전주객사5길 44-6,전북특별자치도 전주시 완산구 고사동 50-6,"카페,디저트>테이크아웃커피",35.8201206,127.1455975,http://paikdabang.com/,추가(CSV에 없음)
투썸플레이스,,투썸플레이스 전주영화의거리점,전북특별자치도 전주시 완산구 전주객사5길 89 트윈팰리스A동,전북특별자치도 전주시 완산구 고사동 225 트윈팰리스A동 101호,"카페,디저트>카페",35.821986,127.1439987,,추가(CSV에 없음)
투썸플레이스,투썸플레이스진북점,투썸플레이스 전주진북점,전북특별자치도 전주시 덕진구 전주천동로 342,"전북특별자치도 전주시 덕진구 진북동 1047-8 디자인코엠 빌딩 2,3층","카페,디저트>카페",35.8248745,127.1323775,,확인
빽다방,,빽다방 전주교대점,전북특별자치도 전주시 완산구 전주천서로 69,"전북특별자치도 전주시 완산구 동서학동 16 2층, 3층","카페,디저트>테이크아웃커피",35.8101218,127.153779,,추가(CSV에 없음)
메가MGC커피,,메가MGC커피 동전주IC점,전북특별자치도 전주시 덕진구 전진로 48,전북특별자치도 전주시 덕진구 산정동 322-7 1층,"카페,디저트>카페",35.8420189,127.1741754,,추가(CSV에 없음)
스타벅스,스타벅스전주혁신도시,스타벅스 전주만성DT점,전북특별자치도 전주시 덕진구 정여립로 972,전북특별자치도 전주시 덕진구 만성동 581,"카페,디저트>카페",35.8366027,127.0779293,http://www.starbucks.co.kr/,확인
컴포즈커피,,컴포즈커피 전북사대부고점,전북특별자치도 전주시 덕진구 조경단로 105,전북특별자치도 전주시 덕진구 금암동 1546-7 1층 102호,"카페,디저트>카페",35.8436138,127.1384368,,추가(CSV에 없음)
메가MGC커피,,메가MGC커피 전북사대부고점,전북특별자치도 전주시 덕진구 조경단로 108,전북특별자치도 전주시 덕진구 금암동 632-153 1층 101호,"카페,디저트>카페",35.8439304,127.1387493,https://instagram.com/megajeonbuksadaebugojeom,추가(CSV에 없음)
투썸플레이스,투썸플레이스전주혁신호수공원점,투썸플레이스 전주혁신호수공원점,전북특별자치도 전주시 덕진구 중동로 104-12,"전북특별자치도 전주시 덕진구 장동 1093-3 1동 101, 102호","카페,디저트>카페",35.8431764,127.0645224,,확인
빽다방,,빽다방베이커리 전주기지제호수점,전북특별자치도 전주시 덕진구 중동로 104-16,"전북특별자치도 전주시 덕진구 장동 1093-1 1동 1층 101호, 102호","카페,디저트>테이크아웃커피",35.8435859,127.0644943,,추가(CSV에 없음)
이디야,이디야전주기지제호수점,이디야커피 전주기지제호수점,전북특별자치도 전주시 덕진구 중동로 104-6,전북특별자치도 전주시 덕진구 장동 1093-5 1층 101호,"카페,디저트>카페",35.8427563,127.0645018,https://blog.naver.com/ediya-coffee,확인
이디야,이디야 전주중산점,이디야커피 중산점,전북특별자치도 전주시 완산구 중산중앙로 7,전북특별자치도 전주시 완산구 중화산동2가 613-9,"카페,디저트>카페",35.8165923,127.1189159,https://blog.naver.com/ediya-coffee,확인
빽다방,,빽다방 전주중산점,전북특별자치도 전주시 완산구 중화산로 43,전북특별자치도 전주시 완산구 중화산동2가 446-9 상가 1층,"카페,디저트>테이크아웃커피",35.8141812,127.1178172,,추가(CSV에 없음)
메가MGC커피,,메가MGC커피 전주반월점,전북특별자치도 전주시 덕진구 쪽구름로 120,전북특별자치도 전주시 덕진구 반월동 422-22,"카페,디저트>카페",35.8741699,127.0721427,,추가(CSV에 없음)
빽다방,빽다방전주동산점,빽다방 전주동산점,전북특별자치도 전주시 덕진구 쪽구름로 58,전북특별자치도 전주시 덕진구 여의동2가 704-6,"카페,디저트>테이크아웃커피",35.8706007,127.0769798,,확인
빽다방,빽다방전주송천오송점,빽다방 전주송천오송점,전북특별자치도 전주시 덕진구 천마산로 52,전북특별자치도 전주시 덕진구 송천동1가 107-200 1층 102호,"카페,디저트>테이크아웃커피",35.8639268,127.1274627,http://paikdabang.com/,확인
스타벅스,스타벅스전주효천디티점,스타벅스 전주효천DT점,전북특별자치도 전주시 완산구 천잠로 149,전북특별자치도 전주시 완산구 효자동2가 778-2,"카페,디저트>카페",35.8007889,127.0993103,http://www.starbucks.co.kr/,확인
투썸플레이스,투썸전주서곡점,투썸플레이스 전주서곡점,전북특별자치도 전주시 완산구 천잠로 555,전북특별자치도 전주시 완산구 효자동3가 752-4 B동 1층,"카페,디저트>카페",35.8341168,127.09646,,확인
컴포즈커피,컴포즈커피호성점,컴포즈커피 전주소양천점,전북특별자치도 전주시 덕진구 초포다리로 190,전북특별자치도 전주시 덕진구 호성동1가 425-1,"카페,디저트>카페",35.872659,127.1575149,,확인
이디야,이디야커피진북점,이디야커피 전주진북점,전북특별자치도 전주시 덕진구 태진로 110,전북특별자치도 전주시 덕진구 진북동 410-7 1층 이디야커피 전주진북점,"카페,디저트>카페",35.8308163,127.136114,https://blog.naver.com/ediya-coffee,확인
스타벅스,스타벅스커피전주한옥마을점,스타벅스 전주한옥마을점,전북특별자치도 전주시 완산구 팔달로 123,전북특별자치도 전주시 완산구 전동 187-9,"카페,디저트>카페",35.8134418,127.1485227,http://www.starbucks.co.kr/,확인
메가MGC커피,,메가MGC커피 전주한옥마을경기전점,전북특별자치도 전주시 완산구 팔달로 128 만나회관,전북특별자치도 전주시 완산구 전동 69-1 1층,"카페,디저트>카페",35.814156,127.1486924,,추가(CSV에 없음)
이디야,,이디야 전주한옥마을점,전북특별자치도 전주시 완산구 팔달로 130-1,전북특별자치도 전주시 완산구 전동 65-1,"카페,디저트>카페",35.8143697,127.1486438,https://blog.naver.com/ediya-coffee,추가(CSV에 없음)
메가MGC커피,메가엠지씨커피 전주평화코오롱점,메가MGC커피 전주평화코오롱점,전북특별자치도 전주시 완산구 평화14길 28-17,전북특별자치도 전주시 완산구 평화동1가 734-1 1층 메가커피 전주평화코오롱점,"카페,디저트>카페",35.7938356,127.1335222,,확인
빽다방,,빽다방 전주한옥마을점,전북특별자치도 전주시 완산구 풍남문2길 9,전북특별자치도 전주시 완산구 전동 184-3 1층,"카페,디저트>테이크아웃커피",35.8135034,127.1482528,,추가(CSV에 없음)
컴포즈커피,컴포즈커피아중점,컴포즈커피 전주아중점,전북특별자치도 전주시 덕진구 한배미로 8,전북특별자치도 전주시 덕진구 인후동1가 931-3,"카페,디저트>카페",35.8254457,127.1663227,,확인
빽다방,빽다방전주반월점,빽다방 전주반월점,전북특별자치도 전주시 덕진구 혁신로 697 드림프라자,전북특별자치도 전주시 덕진구 반월동 236-2 드림프라자 1층,"카페,디저트>테이크아웃커피",35.8739895,127.0743199,,확인
투썸플레이스,,투썸플레이스 전주반월DT점,전북특별자치도 전주시 덕진구 혁신로 724,"전북특별자치도 전주시 덕진구 반월동 224-2 1, 2층","카페,디저트>카페",35.8761549,127.0762586,,추가(CSV에 없음)
컴포즈커피,컴포즈커피,컴포즈커피 전주신라스테이점,전북특별자치도 전주시 완산구 현무1길 10-15,전북특별자치도 전주시 완산구 경원동3가 15-9 1층,"카페,디저트>카페",35.8199463,127.1483253,,확인
메가MGC커피,,메가MGC커피 전주호성점,전북특별자치도 전주시 덕진구 호성3길 12,전북특별자치도 전주시 덕진구 호성동1가 587-39,"카페,디저트>카페",35.861173,127.1511243,,추가(CSV에 없음)
빽다방,빽다방전주호성점,빽다방 전주호성점,전북특별자치도 전주시 덕진구 호성3길 19 진이비인후과,전북특별자치도 전주시 덕진구 호성동1가 828-14,"카페,디저트>테이크아웃커피",35.8604024,127.1505755,http://paikdabang.com,확인
컴포즈커피,,컴포즈커피 전주호성점,전북특별자치도 전주시 덕진구 호성3길 22-4,전북특별자치도 전주시 덕진구 호성동1가 587-34 1층 컴포즈커피,"카페,디저트>카페",35.8610227,127.1501642,http://instagram.com/compose_hs,추가(CSV에 없음)
메가MGC커피,,메가MGC커피 전주효자휴먼시아점,전북특별자치도 전주시 완산구 호암로 80,전북특별자치도 전주시 완산구 효자동2가 1319-2 1층,"카페,디저트>카페",35.8083371,127.1030855,,추가(CSV에 없음)
메가MGC커피,,메가MGC커피 전주신시가지점,전북특별자치도 전주시 완산구 홍산4길 6 골든시티,전북특별자치도 전주시 완산구 효자동3가 1528-1 1층 108호,"카페,디저트>카페",35.8182367,127.1093588,,추가(CSV에 없음)
메가MGC커피,,메가MGC커피 전북도청점,전북특별자치도 전주시 완산구 홍산남로 50,전북특별자치도 전주시 완산구 효자동2가 1155-2 104호,"카페,디저트>카페",35.8155757,127.1072544,,추가(CSV에 없음)
투썸플레이스,,투썸플레이스 전주LH점,전북특별자치도 전주시 완산구 홍산로 160-3,전북특별자치도 전주시 완산구 효자동2가 1332-1,"카페,디저트>카페",35.808165,127.105093,http://www.twosome.co.kr/,추가(CSV에 없음)
스타벅스,스타벅스커피 전주홍산로점,스타벅스 전주홍산로점,전북특별자치도 전주시 완산구 홍산로 238,전북특별자치도 전주시 완산구 효자동2가 1154-3,"카페,디저트>카페",35.8148715,127.1064454,http://www.starbucks.co.kr/,확인
컴포즈커피,컴포즈커피 전북도청점,컴포즈커피 전북도청점,전북특별자치도 전주시 완산구 홍산로 246,전북특별자치도 전주시 완산구 효자동2가 1154-1 107호,"카페,디저트>카페",35.8155568,127.1064474,,확인
빽다방,,빽다방 전주마전점,전북특별자치도 전주시 완산구 홍산로 375,전북특별자치도 전주시 완산구 효자동3가 1609-16 1층 101호,"카페,디저트>테이크아웃커피",35.8273085,127.1056367,,추가(CSV에 없음)
메가MGC커피,메가엠지씨커피 전주효천점,메가MGC커피 전주효천점,전북특별자치도 전주시 완산구 홍산로 77 전주효천우미린더프레스티지,"전북특별자치도 전주시 완산구 효자동2가 1364 우미린2차 상가2동 104,105호","카페,디저트>카페",35.8006675,127.1045303,,확인
이디야,이디야커피(신시가지점),이디야커피 전주신시가지점,전북특별자치도 전주시 완산구 홍산북로 11-3,전북특별자치도 전주시 완산구 효자동2가 1227-2,"카페,디저트>카페",35.8177255,127.1027991,https://blog.naver.com/ediya-coffee,확인
투썸플레이스,투썸플레이스(전주신시가지점),투썸플레이스 전주신시가지점,전북특별자치도 전주시 완산구 홍산중앙로 13,전북특별자치도 전주시 완산구 효자동2가 1155-10,"카페,디저트>카페",35.8148696,127.1087401,http://www.twosome.co.kr/,확인
스타벅스,스타벅스커피 전북도청점,스타벅스 전북도청점,전북특별자치도 전주시 완산구 홍산중앙로 22,전북특별자치도 전주시 완산구 효자동3가 1541-7,"카페,디저트>카페",35.8155919,127.1093326,http://www.starbucks.co.kr/,확인
빽다방,,빽다방 전북도청타운점,전북특별자치도 전주시 완산구 홍산중앙로 33,전북특별자치도 전주시 완산구 효자동3가 1535-5,"카페,디저트>테이크아웃커피",35.8164526,127.1087972,http://paikdabang.com/,추가(CSV에 없음)
이디야,이디야전북도청점,이디야커피 전북도청점,전북특별자치도 전주시 완산구 홍산중앙로 46,전북특별자치도 전주시 완산구 효자동3가 1528-15 1층 이디야,"카페,디저트>카페",35.8176135,127.1093332,https://blog.naver.com/ediya-coffee,확인
이디야,,이디야커피 전주본병원점,전북특별자치도 전주시 완산구 화산천변6길 3,전북특별자치도 전주시 완산구 중화산동2가 751-1 MK빌딩1,"카페,디저트>카페",35.8212938,127.115844,https://blog.naver.com/ediya-coffee,추가(CSV에 없음)
메가MGC커피,,메가MGC커피 전주중화산점,전북특별자치도 전주시 완산구 화산천변로 24,전북특별자치도 전주시 완산구 중화산동2가 752-3 1층 102호,"카페,디저트>카페",35.8210909,127.1163616,,추가(CSV에 없음)
이디야,이디야전주효자점,이디야커피 전주효자점,전북특별자치도 전주시 완산구 효자천변2길 11,전북특별자치도 전주시 완산구 효자동1가 457-1 1층,"카페,디저트>카페",35.8050759,127.1140241,https://blog.naver.com/ediya-coffee,확인
이디야,이디야커피전주효천우미린점,이디야커피 전주효천우미린점,전북특별자치도 전주시 완산구 효천천변길 20,전북특별자치도 전주시 완산구 효자동2가 1358-1 1층 이디야커피,"카페,디저트>카페",35.8022488,127.1024973,https://blog.naver.com/ediya-coffee,확인
빽다방,빽다방전주효천지구점,빽다방 전주효천지구점,전북특별자치도 전주시 완산구 효천천변길 24,전북특별자치도 전주시 완산구 효자동2가 1359-6,"카페,디저트>테이크아웃커피",35.8018138,127.1021823,https://100원커피이벤트-선착순주문하기.com,확인
투썸플레이스,투썸플레이스 전주씨지브이중앙점,,"전북특별자치도 전주시 완산구 전주객사3길 72, (고사동)",,,35.82037069,127.1420517,,폐점의심(네이버 검색결과 없음)
투썸플레이스,투썸플레이스전주역클래시아점,,"전북특별자치도 전주시 덕진구 동부대로 670, 1층 L115호 상가동 지 ~L117호(우아동3가, 클래시아더스카이)",,,35.84831528,127.1617999,,폐점의심(네이버 검색결과 없음)
이디야,이디야 삼천중앙점,,"전북특별자치도 전주시 완산구 용리로 126, (삼천동1가)",,,35.79775781,127.1234314,,폐점의심(네이버 검색결과 없음)
이디야,이디야(전주삼천제일점),,"전북특별자치도 전주시 완산구 거마평로 6, (삼천동1가)",,,35.79301539,127.1170559,,폐점의심(네이버 검색결과 없음)
이디야,이디야시외버스터미널점,,"전북특별자치도 전주시 덕진구 가리내로 33, 1층 (금암동)",,,35.83395695,127.1324754,,폐점의심(네이버 검색결과 없음)
이디야,이디야전주동산점,,"전북특별자치도 전주시 덕진구 편운로 6, 101동 2호 (여의동2가)",,,35.87083159,127.0770389,,폐점의심(네이버 검색결과 없음)
이디야,이디야커피(전주효천대방점),,"전북특별자치도 전주시 완산구 홍산로 14, (삼천동2가)",,,35.79589878,127.1059499,,폐점의심(네이버 검색결과 없음)
이디야,이디야커피숍서신여울점,,"전북특별자치도 전주시 완산구 고사평로 22, (서신동)",,,35.83591863,127.1098186,,폐점의심(네이버 검색결과 없음)
이디야,이디야커피전주대점,,"전북특별자치도 전주시 완산구 백마산길 24, (효자동3가)",,,35.81746817,127.0904373,,폐점의심(네이버 검색결과 없음)
이디야,이디야커피전주송천용소점,,"전북특별자치도 전주시 덕진구 시천로 50, 1층 (송천동1가)",,,35.86382287,127.1146781,,폐점의심(네이버 검색결과 없음)
이디야,이디야커피전주에코세병호점,,"전북특별자치도 전주시 덕진구 세병로 174-9, (송천동2가)",,,35.87938222,127.1336424,,폐점의심(네이버 검색결과 없음)
이디야,이디야커피전주중앙점,,"전북특별자치도 전주시 완산구 팔달로 250, (서노송동)",,,35.82451831,127.1448071,,폐점의심(네이버 검색결과 없음)
이디야,이디야커피전주휴먼시아점,,"전북특별자치도 전주시 완산구 봉곡로 29, (효자동3가)",,,35.8119581,127.0972167,,폐점의심(네이버 검색결과 없음)
메가MGC커피,메가엠지씨커피전주서곡점,,"전북특별자치도 전주시 완산구 세내로 542, (효자동3가)",,,35.83395271,127.0999786,,폐점의심(네이버 검색결과 없음)
빽다방,전주대점빽다방,,"전북특별자치도 전주시 완산구 백마산길 23, (효자동3가)",,,35.81719955,127.0906728,,폐점의심(네이버 검색결과 없음)
