verdict,store_id,name,type,region,naver_top,naver_addr,naver_total,used_query
NONE,e9cb9f7a-e739-4f5c-9efe-5fbc20e33b3e,1994 Bakeshop,cafe,마포구,,,0,1994 Bakeshop 마포구
NONE,bb897d13-0139-4f29-9134-f2c410035f1a,스윗프로비전 키토베이커리 낙성대점,cafe,관악구,,,0,스윗프로비전 키토베이커리 관악구
CHECK,f3ba04ae-8ae8-4233-b62c-760878ac03ac,닥터로빈 명동점,cafe,중구,닥터로빈 광화문점,서울특별시 종로구 종로3길 17 다타워 5층 3호,1,닥터로빈 명동점
CHECK,73547a53-03bf-431f-baeb-3013926cc22a,써니브레드,cafe,성동구,써니브레드,경기도 용인시 처인구 지삼로 590,2,써니브레드
CHECK,51007e18-e2bf-457c-923a-4779e5042a6e,차선책 압구정점,cafe,강남구,차선책서울,서울특별시 강남구 선릉로155길 14,1,차선책 압구정점
CHECK,f4fa9aa6-7267-4f17-a602-06c52a0cbf0a,행복한 단백질,cafe,성동구,행복한허브이야기,서울특별시 관악구 신림로36길 8,1,행복한 단백질
CHECK,d8ebfc30-bf37-4970-9bbd-b2450e6f8fc2,행복한 단백질,cafe,성동구,행복한허브이야기,서울특별시 관악구 신림로36길 8,1,행복한 단백질
CHECK,0719ed15-25c0-4833-a1df-61317a7ed18b,닥터로빈 영등포신세계점,restaurant,영등포구,닥터로빈 신세계타임스퀘어점,서울특별시 영등포구 영중로 9 신세계타임스퀘어 백화점 패션관 9층 닥터로빈,1,닥터로빈 영등포신세계점 영등포구
CHECK,8adb3c3c-2791-416b-84a1-63e43cc958f7,보슬보슬 강남점,restaurant,강남구,보슬보슬 압구정본점,"서울특별시 강남구 압구정로 216 지상 1층 16, 17, 18, 19호",2,보슬보슬 강남점
CHECK,687222e7-8854-466c-b298-00586c84984a,보슬보슬 압구정점,restaurant,강남구,보슬보슬 압구정본점,"서울특별시 강남구 압구정로 216 지상 1층 16, 17, 18, 19호",1,보슬보슬 압구정점
CHECK,b8d48155-a0d1-4946-bb76-2aba138c0eef,영칼로리포케&샐러드 전주신시가지점,restaurant,전주시 완산구,영칼로리포케&amp;샐러드 전주신시가지점,"전북특별자치도 전주시 완산구 홍산로 260 107호, 107-1호",1,영칼로리포케&샐러드 전주신시가지점 전주시 완산구
CHECK,c9b14ae2-b88b-4386-8c6b-2483ea7cbc58,잠실대공원 샐러드,restaurant,송파구,투또톤토,서울특별시 광진구 능동로 125 1층 투또톤토,5,잠실대공원 샐러드
CHECK,f4818ae3-11ec-41e4-9fb6-799503246615,제로스토어 방배점,zero_store,서초구,제로스토어 사당점,서울특별시 동작구 동작대로3길 31 1층 제로스토어 사당점,3,제로스토어 방배점
CHECK,ab8c1407-eb59-45d5-b820-9ef68b6ee04a,제로연구소 양천향교역점,zero_store,강서구,한국ABA행동발달연구소,서울특별시 강서구 양천로 401 강서한강자이타워 B동 1414호,5,제로연구소 양천향교역점
MATCH,0f6eb7fa-8472-448a-acdd-1be87abb1fe1,널담은공간 경복궁점,cafe,종로구,널담은공간 경복궁점,서울특별시 종로구 삼청로 24,1,널담은공간 경복궁점 종로구
MATCH,94c08698-df9f-4699-8120-5ec443ec9523,널담은공간 해방촌점,cafe,용산구,널담은공간 해방촌점,서울특별시 용산구 신흥로15길 18-12,1,널담은공간 해방촌점 용산구
MATCH,d61f93ef-535d-4ee0-9f47-7f21bebd88d0,당가라과자점,cafe,강북구,당가라과자점,서울특별시 강북구 오현로6길 34 1층,1,당가라과자점 강북구
MATCH,49be3410-b2ff-4b5f-a6dd-fe9c5a3eb2a1,디저트39 전북대점,cafe,전주시 덕진구,디저트39 전북대점,전북특별자치도 전주시 덕진구 권삼득로 333 1층 115호,2,디저트39 전북대점 전주시 덕진구
MATCH,bcac8deb-cc86-47c4-a0e1-3d7cca9df01c,디저트39 전주 객사점,cafe,전주시 완산구,디저트39 전주 객사점,전북특별자치도 전주시 완산구 팔달로 201-4 하모니빌딩 1층 디저트39 전주객사점,1,디저트39 전주 객사점 전주시 완산구
MATCH,b57b279c-8697-4fdf-b1b0-18d284f3baeb,디저트39 전주만성점,cafe,전주시 덕진구,디저트39 전주만성점,전북특별자치도 전주시 덕진구 만성로 137 만성에코르1단지 상가 107호,1,디저트39 전주만성점 전주시 덕진구
MATCH,bbaf7e7f-f349-441d-9baf-ef0f0c3bb030,디저트39 전주삼천점,cafe,전주시 완산구,디저트39 전주삼천점,전북특별자치도 전주시 완산구 용리로 65,1,디저트39 전주삼천점 전주시 완산구
MATCH,26a006d8-39fa-4407-9321-445f0996c129,디저트39 전주아중점,cafe,전주시 덕진구,디저트39 전주아중점,전북특별자치도 전주시 덕진구 건산로 261,1,디저트39 전주아중점 전주시 덕진구
MATCH,5af8a1db-d5b3-4002-8938-be786e27f9f1,라므아르,cafe,마포구,라므아르,서울특별시 마포구 월드컵로11길 46-14 2층,1,라므아르 마포구
MATCH,14f51848-76f9-4623-bf85-2ac388a1c14b,리얼식단 전북도청점,cafe,전주시 완산구,리얼식단 전북도청점,전북특별자치도 전주시 완산구 범안1길 12 101호,1,리얼식단 전북도청점 전주시 완산구
MATCH,3651b257-c5f5-4d72-8a72-7869336976e0,무가당,cafe,전주시 덕진구,무가당,전북특별자치도 전주시 덕진구 세병로 208 105호,1,무가당 전주시 덕진구
MATCH,161b6714-aeb7-43d6-93fd-505c5246e380,스윗트윅 설탕 밀 쌀가루 무첨가,cafe,마포구,스윗트윅 설탕 밀 쌀가루 무첨가,서울특별시 마포구 성미산로31길 13 1층,1,스윗트윅 설탕 밀 쌀가루 무첨가 마포구
MATCH,4212275b-3655-410b-be8a-a9dfaee18ae9,어나더쏭 중곡점,cafe,광진구,어나더쏭 중곡점,서울특별시 광진구 능동로48길 57 어나더쏭 중곡점,1,어나더쏭 중곡점 광진구
MATCH,89a88e80-f849-47cc-a65a-184351c84291,왓더훅,cafe,강북구,왓더훅,서울특별시 강북구 오패산로30길 55,1,왓더훅 강북구
MATCH,7abdce57-3d90-4b54-a8ff-684b14214da4,이로운제과,cafe,광진구,이로운제과,서울특별시 광진구 뚝섬로32길 29 1층,1,이로운제과 광진구
MATCH,f538d0dd-651f-4990-af74-1bf0d40a17e9,인터랙트with글루텐프리,cafe,강남구,인터랙트with글루텐프리,서울특별시 강남구 강남대로118길 16 1층,1,인터랙트with글루텐프리 강남구
MATCH,2d6f1121-205e-4a70-8959-08e114578053,제로카페 홍대점,cafe,마포구,제로카페 홍대점,서울특별시 마포구 와우산로27길 17 1층,5,제로카페 홍대점 마포구
MATCH,f7001a88-db91-4685-bdd6-127819d049b1,진켈란젤로 치즈케이크,cafe,마포구,진켈란젤로 치즈케이크,서울특별시 마포구 독막로8길 10 조현빌딩 1층 진켈란젤로,1,진켈란젤로 치즈케이크 마포구
MATCH,27e28ca7-af30-47bc-86a3-2110f3f2face,카페 산스 익선 플래그십 스토어,cafe,종로구,카페 산스 익선 플래그십 스토어,서울특별시 종로구 수표로28길 30,1,카페 산스 익선 플래그십 스토어 종로구
MATCH,7ff12fd9-aa97-403b-bf1b-28d386bb652b,키에리,cafe,용산구,키에리,서울특별시 용산구 이태원로26길 16-8,1,키에리 용산구
MATCH,888c1a79-b9cd-4441-ad73-3c0b573a1fca,키토빵앗간,cafe,마포구,키토빵앗간,서울특별시 마포구 월드컵로19길 36 1층,1,키토빵앗간 마포구
MATCH,8b5ec082-c232-4666-93f3-20cbc40c93c0,필로베이커리,cafe,마포구,필로베이커리,서울특별시 마포구 홍익로2길 27-22 2층,1,필로베이커리 마포구
MATCH,124ca2dd-1db6-40bf-a071-ebebf015af24,호두까끼형제 양재점,cafe,강남구,호두까끼형제,서울특별시 강남구 남부순환로351길 10 101호,1,호두까끼형제 양재점
MATCH,43f36340-ffc8-49e5-9584-368c02ac08d5,휘게라이프,cafe,관악구,휘게라이프,서울특별시 관악구 남현길 37 2층(남현동),1,휘게라이프 관악구
MATCH,74d066ee-82e4-4bce-86b1-40dc9ab8a0be,히포디저트,cafe,광진구,히포디저트,서울특별시 광진구 아차산로59길 38 1층 히포디저트,1,히포디저트 광진구
MATCH,cd0e67b7-8f60-48d0-9bad-bf04653f29a4,닥터로빈 강서점,restaurant,강서구,닥터로빈 강서점,서울특별시 강서구 공항대로 396 귀뚜라미보일러사옥빌딩 1층,1,닥터로빈 강서점 강서구
MATCH,a9239105-d5a7-4504-8bbe-08f772e56a46,닥터로빈 공덕점,restaurant,마포구,닥터로빈 공덕점,서울특별시 마포구 백범로 192 에스오일 본사 1층,1,닥터로빈 공덕점 마포구
MATCH,bce17e76-5901-4bc6-b205-966dc6db1a6d,닥터로빈 광화문점,restaurant,종로구,닥터로빈 광화문점,서울특별시 종로구 종로3길 17 다타워 5층 3호,1,닥터로빈 광화문점 종로구
MATCH,48e83520-578b-4ea6-b687-363ed4cac93b,닥터로빈 서초점,restaurant,서초구,닥터로빈 서초점,서울특별시 서초구 서초대로74길 11 B1 103호,1,닥터로빈 서초점 서초구
MATCH,9ad9957c-35f0-41b3-8f6c-3e31ff2129be,닥터로빈 용산점,restaurant,용산구,닥터로빈 용산점,서울특별시 용산구 한강대로 134 1층,1,닥터로빈 용산점 용산구
MATCH,61e4adda-79f8-45bc-b71d-ec6d4b25845d,닥터로빈 이대점,restaurant,서대문구,닥터로빈 이대점,서울특별시 서대문구 이화여대길 52 이화여자대학교 ECC B4,1,닥터로빈 이대점 서대문구
MATCH,7539b182-790c-45bb-b56b-5e1641847d49,닥터로빈 한남점,restaurant,용산구,닥터로빈 한남점,서울특별시 용산구 독서당로 70 1층,1,닥터로빈 한남점 용산구
MATCH,85cfa37c-6d3a-40a0-8c75-397177542fd1,샐러디 전주송천점,restaurant,전주시 덕진구,샐러디 전주송천점,전북특별자치도 전주시 덕진구 사근1길 10 104호,1,샐러디 전주송천점 전주시 덕진구
MATCH,482518e2-f68f-4ed9-9225-5648939c1ab7,샐러디 전주혁신도시점,restaurant,전주시 덕진구,샐러디 전주혁신도시점,전북특별자치도 전주시 덕진구 기지로 77 A-116호,1,샐러디 전주혁신도시점 전주시 덕진구
MATCH,0a0e1e96-60e5-4041-8db5-84850a086845,슬로우캘리 전주효자점,restaurant,전주시 완산구,슬로우캘리 전주효자점,전북특별자치도 전주시 완산구 홍산중앙로 13 102호,1,슬로우캘리 전주효자점 전주시 완산구
MATCH,6e8b536f-12e0-4d5c-a8ea-21225fe752ff,키토분식,restaurant,마포구,키토분식 동교점,서울특별시 마포구 동교로 187,5,키토분식 마포구
MATCH,a49935ac-ebfc-43cb-90ce-93085d96f5db,헬키푸키 전주혁신도시점,restaurant,완주군,헬키푸키 전주혁신도시점,전북특별자치도 완주군 이서면 기지로 50 1층 101호,1,헬키푸키 전주혁신도시점 완주군
MATCH,d3e18ce0-9cc2-4d80-9c3d-6829756102f3,제로스토어 가산점,zero_store,금천구,제로스토어 가산점,서울특별시 금천구 디지털로10길 55 상가 102호 제로스토어,1,제로스토어 가산점 금천구
MATCH,3033b60c-9f4e-4528-9dee-49ce20f76716,제로스토어 건대입구점,zero_store,광진구,제로스토어 건대입구점,서울특별시 광진구 능동로13길 6 1층 101호,1,제로스토어 건대입구점 광진구
MATCH,e9750207-574e-478a-9be7-0cc73bbdd68b,제로스토어 고려대점,zero_store,성북구,제로스토어 고려대점,서울특별시 성북구 고려대로24길 55 1층,1,제로스토어 고려대점 성북구
MATCH,b78b7d7d-7130-4123-90de-0c875b4bc826,제로스토어 공릉점,zero_store,노원구,제로스토어 공릉점,서울특별시 노원구 공릉로 201,1,제로스토어 공릉점 노원구
MATCH,f4617395-5d1c-4cb4-b50d-02a778ffd0a9,제로스토어 광운대점,zero_store,노원구,제로스토어 광운대점,서울특별시 노원구 광운로 15 1층 102호,1,제로스토어 광운대점 노원구
MATCH,06b1c619-6431-4c7b-a2ef-fb5ab2dfd598,제로스토어 구로디지털역점,zero_store,관악구,제로스토어 구로디지털역점,서울특별시 관악구 시흥대로 566 105호,1,제로스토어 구로디지털역점 관악구
MATCH,64db58d4-eb76-42e9-b27c-9fec2e41ed9e,제로스토어 구의역점,zero_store,광진구,제로스토어 구의역점,서울특별시 광진구 아차산로 361 1층,1,제로스토어 구의역점 광진구
MATCH,ead1bc34-4f34-4cac-909e-dc026f9a897e,제로스토어 구파발점,zero_store,은평구,제로스토어 구파발점,서울특별시 은평구 통일로 1010 B205호,1,제로스토어 구파발점 은평구
MATCH,5b4ef27f-9930-49cf-a03c-44dde5f4ac17,제로스토어 군자점,zero_store,광진구,제로스토어 군자점,서울특별시 광진구 천호대로111길 20 101호,1,제로스토어 군자점 광진구
MATCH,af536de7-0b0d-4031-b950-a2b97553da72,제로스토어 금천독산점,zero_store,금천구,제로스토어 금천독산점,서울특별시 금천구 범안로 1212 상가동 L06호,1,제로스토어 금천독산점 금천구
MATCH,7855891a-e501-48f3-aec2-f0a463248d52,제로스토어 까치산역점,zero_store,강서구,제로스토어 까치산역점,서울특별시 강서구 곰달래로 136 1층 101호,1,제로스토어 까치산역점 강서구
MATCH,035c9f5c-8986-47ef-90b2-dc4998502b96,제로스토어 노량진점,zero_store,동작구,제로스토어 노량진점,서울특별시 동작구 만양로 81 1층 103호,1,제로스토어 노량진점 동작구
MATCH,9d1c9f54-603a-4f72-a0c2-dc6632a3a9ae,제로스토어 노원역점,zero_store,노원구,제로스토어 노원역점,서울특별시 노원구 상계로 51 제1층 제104호,1,제로스토어 노원역점 노원구
MATCH,100a7216-d410-4965-83b6-cbaccb3c7dce,제로스토어 녹번역점,zero_store,은평구,제로스토어 녹번역점,서울특별시 은평구 은평로 227 106호,1,제로스토어 녹번역점 은평구
MATCH,e2cc3dd5-99bd-420c-88cb-7d6777a8b2d1,제로스토어 답십리역점,zero_store,동대문구,제로스토어 답십리역점,서울특별시 동대문구 천호대로 301 301동 1층 104호,1,제로스토어 답십리역점 동대문구
MATCH,fb79db13-34be-4e7a-83f2-641b56608e1d,제로스토어 당산역점,zero_store,영등포구,제로스토어 당산역점,서울특별시 영등포구 양평로 11 1층 104호,1,제로스토어 당산역점 영등포구
MATCH,cfb728b4-5a88-441c-a551-31506054e186,제로스토어 대학로점,zero_store,종로구,제로스토어 대학로점,서울특별시 종로구 동숭2길 4 1층,1,제로스토어 대학로점 종로구
MATCH,bae46339-76e6-431f-8692-e3bad4238ab0,제로스토어 덕성여대점,zero_store,도봉구,제로스토어 덕성여대점,서울특별시 도봉구 삼양로144길 9 (우측)(제로스토어),1,제로스토어 덕성여대점 도봉구
MATCH,4f380ad1-32ec-489e-93c3-781d35598a11,제로스토어 등촌역점,zero_store,강서구,제로스토어 등촌역점,서울특별시 강서구 공항대로61길 6 1층,1,제로스토어 등촌역점 강서구
MATCH,a9834049-0057-4200-a761-df2cdd9755a5,제로스토어 뚝섬점,zero_store,성동구,제로스토어 뚝섬점,서울특별시 성동구 상원길 46 1층,1,제로스토어 뚝섬점 성동구
MATCH,16544dd5-be40-44bf-9209-62b900089e46,제로스토어 마곡나루역점,zero_store,강서구,제로스토어 마곡나루역점,서울특별시 강서구 마곡서로 152 두산더랜드타워 B동 1층 105호,1,제로스토어 마곡나루역점 강서구
MATCH,e53270e8-ab7d-46e0-9c8b-4069c0bea409,제로스토어 마곡발산점,zero_store,강서구,제로스토어 마곡발산점,서울특별시 강서구 강서로 409 1층 110호,1,제로스토어 마곡발산점 강서구
MATCH,85a9ab76-64ce-423b-a694-1bd0a47fd9e7,제로스토어 마곡역점,zero_store,강서구,제로스토어 마곡역점,서울특별시 강서구 마곡중앙로 76 1층 118호,1,제로스토어 마곡역점 강서구
MATCH,f92a8933-bced-4309-9c24-283365d0f1c7,제로스토어 마포역 오벨리스크점,zero_store,마포구,제로스토어 마포역 오벨리스크점,서울특별시 마포구 마포대로 33 제1층 제110호,1,제로스토어 마포역 오벨리스크점 마포구
MATCH,da492bfe-c2ad-4717-9a23-07c78514daad,제로스토어 망원시장점,zero_store,마포구,제로스토어 망원시장점,서울특별시 마포구 월드컵로13길 61 1층,1,제로스토어 망원시장점 마포구
MATCH,100cfd0f-6a02-4a87-85c3-452e22cd62f3,제로스토어 먹골역점,zero_store,중랑구,제로스토어 먹골역점,서울특별시 중랑구 공릉로2길 7 1층,1,제로스토어 먹골역점 중랑구
MATCH,165938a4-ac83-4c0a-afce-6606329578b5,제로스토어 명일역점,zero_store,강동구,제로스토어 명일역점,서울특별시 강동구 양재대로 1624 1층,1,제로스토어 명일역점 강동구
MATCH,972822fc-57c1-4230-9a97-0df49cba55b4,제로스토어 명지대점,zero_store,서대문구,제로스토어 명지대점,서울특별시 서대문구 거북골로 47 1층 101호 제로스토어 명지대점,1,제로스토어 명지대점 서대문구
MATCH,28a060a8-d329-4411-9204-0e8bcd607ad6,제로스토어 몽촌토성역점,zero_store,송파구,제로스토어 몽촌토성역점,서울특별시 송파구 오금로11길 45 109호,1,제로스토어 몽촌토성역점 송파구
MATCH,a1d7e81e-669e-4c97-8ea4-26331722e022,제로스토어 문정르피에드점,zero_store,송파구,제로스토어 문정르피에드점,서울특별시 송파구 송파대로 141 1층 114호,1,제로스토어 문정르피에드점 송파구
MATCH,c2dde525-db9a-4cd6-8fcb-615d2b350dc0,제로스토어 보라매공원점,zero_store,동작구,제로스토어 보라매공원점,서울특별시 동작구 보라매로5길 43 삼성쉐르빌 1층 108호,1,제로스토어 보라매공원점 동작구
MATCH,2119bd0e-4e61-4155-8098-c89f89d7e236,제로스토어 본점,zero_store,중랑구,제로스토어 본점,서울특별시 중랑구 망우로 306-1 1층,1,제로스토어 본점 중랑구
MATCH,3e8b5f25-978a-43ed-a121-89d933bea9eb,제로스토어 불광점,zero_store,은평구,제로스토어 불광점,서울특별시 은평구 통일로 767 호반베르디움스테이원 상가 B110호,1,제로스토어 불광점 은평구
MATCH,0e6acad8-0a34-4ac8-8481-90e5068307a7,제로스토어 사당점,zero_store,동작구,제로스토어 사당점,서울특별시 동작구 동작대로3길 31 1층 제로스토어 사당점,1,제로스토어 사당점 동작구
MATCH,1416114f-3008-4589-b538-7212f4946b0c,제로스토어 상수점,zero_store,마포구,제로스토어 상수점,서울특별시 마포구 와우산로 51 1층,1,제로스토어 상수점 마포구
MATCH,1b4f7fd8-7742-4dc7-b6ae-a73dd4faa5f2,제로스토어 상암점,zero_store,마포구,제로스토어 상암점,서울특별시 마포구 월드컵북로 402 KGIT 1층 133호,1,제로스토어 상암점 마포구
MATCH,30f03409-c651-4906-a091-4a07d16e2e39,제로스토어 상왕십리점,zero_store,성동구,제로스토어 상왕십리점,서울특별시 성동구 왕십리로 379-1 제1호,1,제로스토어 상왕십리점 성동구
MATCH,8a728fdd-6dbb-41db-90e0-2e34e9857f51,제로스토어 서울 성균관대점,zero_store,종로구,제로스토어 서울 성균관대점,서울특별시 종로구 성균관로 7-2 1층 제로스토어 서울 성균관대점,1,제로스토어 서울 성균관대점 종로구
MATCH,8cfef553-effb-44eb-b625-20c7303439b2,제로스토어 서울대입구역7번출구점,zero_store,관악구,제로스토어 서울대입구역7번출구점,서울특별시 관악구 봉천로 482 1층,1,제로스토어 서울대입구역7번출구점 관악구
MATCH,993114c9-9dde-4c2a-82d1-d82364335aa0,제로스토어 서울대입구역점,zero_store,관악구,제로스토어 서울대입구역점,서울특별시 관악구 남부순환로 1802 관악캠퍼스타워 1층,1,제로스토어 서울대입구역점 관악구
MATCH,34abb7c8-685e-4788-81c0-e4d88fb79e60,제로스토어 성신여대점,zero_store,성북구,제로스토어 성신여대점,서울특별시 성북구 동소문로 115 1층,1,제로스토어 성신여대점 성북구
MATCH,ad80baac-08db-4852-a374-431784d2278a,제로스토어 성신여대정문점,zero_store,성북구,제로스토어 성신여대정문점,서울특별시 성북구 보문로34길 72 1층,1,제로스토어 성신여대정문점 성북구
MATCH,f2c5520b-1788-4f33-bca2-75da46c1b387,제로스토어 송파점,zero_store,송파구,제로스토어 송파점,서울특별시 송파구 송파대로36길 7-42 1층 102호,1,제로스토어 송파점 송파구
MATCH,f1b41e71-eba9-462b-8139-3919c48f8873,제로스토어 숙명여대점,zero_store,용산구,제로스토어 숙명여대점,서울특별시 용산구 청파로45길 17 1층,2,제로스토어 숙명여대점 용산구
MATCH,a128f245-12fc-47d2-ae2b-da59adeaa427,제로스토어 신대방점,zero_store,관악구,제로스토어 신대방점,서울특별시 관악구 난곡로 358-1 1층,1,제로스토어 신대방점 관악구
MATCH,c8aa1a35-3d96-49a8-a9c3-3a97663342b4,제로스토어 신림점,zero_store,관악구,제로스토어 신림점,서울특별시 관악구 남부순환로 1605 1층,1,제로스토어 신림점 관악구
MATCH,b00bd2f2-40ef-4163-af88-d0f7ee224de9,제로스토어 신설동역점,zero_store,동대문구,제로스토어 신설동역점,서울특별시 동대문구 왕산로 21 101-2호,1,제로스토어 신설동역점 동대문구
MATCH,96a23375-f871-4bd0-9e8a-7186a125d6df,제로스토어 신촌점,zero_store,서대문구,제로스토어 신촌점,서울특별시 서대문구 명물길 38 1층,1,제로스토어 신촌점 서대문구
MATCH,411d0a7e-570a-44e2-97e5-94a870860671,제로스토어 어린이대공원역점,zero_store,광진구,제로스토어 어린이대공원역점,서울특별시 광진구 광나루로 382 1층 102호 제로스토어,1,제로스토어 어린이대공원역점 광진구
MATCH,598670f4-cacc-455a-9d13-2d6c7bf5c263,제로스토어 여의도점,zero_store,영등포구,제로스토어 여의도점,서울특별시 영등포구 국제금융로6길 33 1층 22호,1,제로스토어 여의도점 영등포구
MATCH,0e90d586-6695-435a-acc0-f8b9a40222bf,제로스토어 연신내역점,zero_store,은평구,제로스토어 연신내역점,서울특별시 은평구 연서로29길 34 1층 102호,1,제로스토어 연신내역점 은평구
MATCH,d9623763-2b9d-445d-a0d5-e4cbf22d0517,제로스토어 연희점,zero_store,서대문구,제로스토어 연희점,서울특별시 서대문구 연희로 88 1층 우측 내2호,1,제로스토어 연희점 서대문구
MATCH,c2738c84-c1d3-4958-bd44-b86600a84fb5,제로스토어 염창역점,zero_store,양천구,제로스토어 염창역점,서울특별시 양천구 공항대로 634 1층 106호,1,제로스토어 염창역점 양천구
MATCH,ed41c3ca-a383-4931-a3b0-b64ea52cf1e4,제로스토어 영등포로터리점,zero_store,영등포구,제로스토어 영등포로터리점,서울특별시 영등포구 경인로 900 102동 1층 118호,1,제로스토어 영등포로터리점 영등포구
MATCH,42daa32e-9c99-4dcf-93d8-aa161d1b8d6e,제로스토어 응암점,zero_store,은평구,제로스토어 응암점,서울특별시 은평구 은평로 104 1층,1,제로스토어 응암점 은평구
MATCH,68277361-451d-45f9-8bc7-61a7424326aa,제로스토어 이대점,zero_store,서대문구,제로스토어 이대점,서울특별시 서대문구 이화여대길 45 2층,1,제로스토어 이대점 서대문구
MATCH,472e8a5c-c7a0-483c-807c-071280ce1bd7,제로스토어 이수점,zero_store,동작구,제로스토어 이수점,서울특별시 동작구 동작대로27길 12 1층 2호,1,제로스토어 이수점 동작구
MATCH,3cdf43e2-f796-4384-bd94-30fbd7282551,제로스토어 장안사거리점,zero_store,동대문구,제로스토어 장안사거리점,서울특별시 동대문구 답십리로 269 1층 104호,1,제로스토어 장안사거리점 동대문구
MATCH,9f13aff2-0fd3-4a79-95ff-b1cbc8b2a392,제로스토어 장안현대벤처빌점,zero_store,동대문구,제로스토어 장안현대벤처빌점,서울특별시 동대문구 장한로 85 1층 107호,1,제로스토어 장안현대벤처빌점 동대문구
MATCH,8bb7ff18-2e75-4b00-aa5f-b92a21e1b519,제로스토어 전북대점,zero_store,전주시 덕진구,제로스토어 전북대점,전북특별자치도 전주시 덕진구 기린대로 480 1층 104호,1,제로스토어 전북대점 전주시 덕진구
MATCH,6be31fa8-77aa-4799-b6fb-9ffe76193df5,제로스토어 중앙대점,zero_store,동작구,제로스토어 중앙대점,서울특별시 동작구 흑석로 91 1층,1,제로스토어 중앙대점 동작구
MATCH,7fa12aac-e441-48a2-9065-49efe4155179,제로스토어 청량리점,zero_store,동대문구,제로스토어 청량리점,서울특별시 동대문구 답십리로1길 10 힐스에비뉴동 107호,1,제로스토어 청량리점 동대문구
MATCH,25687a3d-b926-4db1-82f1-4e47c3e4148e,제로스토어 태릉입구점,zero_store,노원구,제로스토어 태릉입구점,서울특별시 노원구 동일로 986 101동 1층 105호,1,제로스토어 태릉입구점 노원구
MATCH,86110c48-1686-4d1b-9694-8f5354552255,제로스토어 합정역점,zero_store,마포구,제로스토어 합정역점,서울특별시 마포구 독막로 21 102호,1,제로스토어 합정역점 마포구
MATCH,4b173dc7-220c-4dd4-b802-331556842b65,제로스토어 홍대연남점,zero_store,서대문구,제로스토어 홍대연남점,서울특별시 서대문구 신촌로 11 1층 102호,1,제로스토어 홍대연남점 서대문구
MATCH,66d66c2f-fafc-41ae-a2ce-5e16b2dff264,제로스토어 회기역2호점,zero_store,동대문구,제로스토어 회기역2호점,서울특별시 동대문구 망우로 79 1층,1,제로스토어 회기역2호점 동대문구
MATCH,2162b7d1-f8e0-4b6e-9e2b-965a374f5992,제로스토어 회기역점,zero_store,동대문구,제로스토어 회기역점,서울특별시 동대문구 이문로 31-1 1층,1,제로스토어 회기역점 동대문구
MATCH,fcdd88f6-1dff-4777-bc0e-df592911bd44,제로연구소 구로구청점,zero_store,구로구,제로연구소 구로구청점,서울특별시 구로구 가마산로 271 구로오네뜨시티 103호,1,제로연구소 구로구청점 구로구
MATCH,96873f61-20f3-4e51-99cb-4e0e45353a03,제로연구소 상계역점,zero_store,노원구,제로연구소 상계역점,서울특별시 노원구 한글비석로 396 상가 108동 1층 24호 제로연구소 상계역점,1,제로연구소 상계역점 노원구
MATCH,86746aab-b77a-4829-95c4-2826d41487c7,제로연구소 상도역점,zero_store,동작구,제로연구소 상도역점,서울특별시 동작구 상도로 280 1층,1,제로연구소 상도역점 동작구
MATCH,1d27eba0-3888-401a-98d1-8f64acc052d7,제로연구소 수유역점,zero_store,강북구,제로연구소 수유역점,서울특별시 강북구 도봉로 342 1층,1,제로연구소 수유역점 강북구
MATCH,f507e299-c1f4-45c1-9e87-aa1e40801cad,제로연구소 신림푸르지오점,zero_store,금천구,제로연구소 신림푸르지오점,서울특별시 금천구 남부순환로 1432 1층 109호,1,제로연구소 신림푸르지오점 금천구
MATCH,9a345c09-3332-4614-97b1-9ec24ee82962,제로연구소 용산점,zero_store,용산구,제로연구소 용산점,서울특별시 용산구 한강대로 69 상가동 지하1층 106-3호,3,제로연구소 용산점 용산구
MATCH,62c5611f-a815-40f0-9d20-b0d329f7d939,제로연구소 종로광화문점,zero_store,종로구,제로연구소 종로광화문점,서울특별시 종로구 종로 19 르메이에르종로타운 지하2층 비210-1호,1,제로연구소 종로광화문점 종로구
MATCH,57980a94-2efd-486e-b417-fc8efc52bac3,제로초이스 경희대점,zero_store,동대문구,제로초이스 경희대점,서울특별시 동대문구 회기로 136 1층 제로초이스 경희대점,1,제로초이스 경희대점 동대문구
MATCH,bdbb63c4-9371-43b6-af97-cd7f371e45f5,제로초이스 답십리점,zero_store,동대문구,제로초이스 답십리점,서울특별시 동대문구 답십리로56길 116 1층 제로초이스 답십리점,1,제로초이스 답십리점 동대문구
MATCH,c012b2bc-eb7c-4cf7-8071-512d9222b5bb,제로초이스 등촌역점,zero_store,양천구,제로초이스 등촌역점,서울특별시 양천구 목동중앙북로7길 13 1층 103호,1,제로초이스 등촌역점 양천구
MATCH,6d7e1ae7-759c-4c7d-8a01-79c62484e6fb,제로초이스 망원점,zero_store,마포구,제로초이스 망원점,서울특별시 마포구 포은로 71 1층,1,제로초이스 망원점 마포구
MATCH,23990f50-3e9e-4067-804c-66026c180018,제로초이스 수유점,zero_store,강북구,제로초이스 수유점,서울특별시 강북구 한천로139길 11 1층 103호 제로초이스 수유,1,제로초이스 수유점 강북구
MATCH,12c18328-d1a8-422f-9341-d92daae0e1eb,제로초이스 어린이대공원역점,zero_store,광진구,제로초이스 어린이대공원역점,서울특별시 광진구 군자로 70 나동 1층 103호,1,제로초이스 어린이대공원역점 광진구
MATCH,e7a7b394-b4f2-45e3-b752-08efad82ea78,제로초이스 왕십리역점,zero_store,성동구,제로초이스 왕십리역점,서울특별시 성동구 왕십리광장로 8-1 1층 제로초이스 왕십리역점,1,제로초이스 왕십리역점 성동구
MATCH,bec2e293-8e3b-4c82-ba6b-d5389550a483,제로초이스 위례점,zero_store,송파구,제로초이스 위례점,서울특별시 송파구 위례광장로 270 상가 G133호,1,제로초이스 위례점 송파구
MATCH,024035ef-b6bf-4141-8954-b3bfa53230f2,제로초이스 전주신시가지점,zero_store,전주시 완산구,제로초이스 전주신시가지점,전북특별자치도 전주시 완산구 홍산로 246 1동 1층 101호,1,제로초이스 전주신시가지점 전주시 완산구
MATCH,055d6e31-5ddc-4208-869a-260b44f5b4eb,제로초이스 종암점,zero_store,성북구,제로초이스 종암점,서울특별시 성북구 종암로 117 좌측상가 1층 제로초이스 종암점,1,제로초이스 종암점 성북구
MATCH,c77e63fd-57fa-4a92-8727-dfc361585c37,제로초이스 한양대점,zero_store,성동구,제로초이스 한양대점,서울특별시 성동구 마조로 25 1층 110호 제로초이스,1,제로초이스 한양대점 성동구
MATCH,09a3a688-fba0-4528-9702-80901722d432,제로플러스 숙명여대점,zero_store,용산구,제로플러스 숙명여대점,서울특별시 용산구 청파로47길 66 1층,1,제로플러스 숙명여대점 용산구
MATCH,d3572f06-7f85-4ebc-a265-0f644f307893,제로플러스 스포애니 가산동점,zero_store,금천구,제로플러스 스포애니 가산동점,"서울특별시 금천구 가산로 106 제상가지층 제비01호, 제비02호, 제비03호",1,제로플러스 스포애니 가산동점 금천구
MATCH,97740301-d050-481d-94e4-950aee7dde50,제로플러스 스포애니 교대역점,zero_store,서초구,제로플러스 스포애니 교대역점,서울특별시 서초구 서초중앙로22길 17 B 1층,1,제로플러스 스포애니 교대역점 서초구
MATCH,7c4bc390-d036-45c8-818d-d137253ebad8,제로플러스 스포애니 화곡역점,zero_store,강서구,제로플러스 스포애니 화곡역점,서울특별시 강서구 화곡로 191 남서울타워 1층,1,제로플러스 스포애니 화곡역점 강서구
MATCH,a50e8308-f1f6-4a25-8b53-c16edc5913c8,제로플러스 천호역점,zero_store,강동구,제로플러스 천호역점,서울특별시 강동구 올림픽로 610 효성해링턴타워동 1층 A-17호,1,제로플러스 천호역점 강동구
